bucket,style
7/8 Pants,LW5AM8S
7/8 Pants,LW5AMOS
7/8 Pants,LW5ANXS
7/8 Pants,LW5AOOS
7/8 Pants,LW5AORS
7/8 Pants,LW5AOUS
7/8 Pants,LW5AOVS
7/8 Pants,LW5AOXS
7/8 Pants,LW5APQS
7/8 Pants,LW5APSS
7/8 Pants,LW5AR7S
7/8 Pants,LW5AT4S
7/8 Pants,LW5AWNS
7/8 Pants,LW5AWOS
7/8 Pants,LW5AY8S
7/8 Pants,LW5AZNS
7/8 Pants,LW5BAKS
7/8 Pants,LW5BAVS
7/8 Pants,LW5BB1S
7/8 Pants,LW5BBRS
7/8 Pants,LW5BBVS
7/8 Pants,LW5BC2S
7/8 Pants,LW5BCRS
7/8 Pants,LW5BD3S
7/8 Pants,LW5BDRS
7/8 Pants,LW5BDYS
7/8 Pants,LW5BE8S
7/8 Pants,LW5BEIS
7/8 Pants,LW5BEJS
7/8 Pants,LW5BEKS
7/8 Pants,LW5BFRS
7/8 Pants,LW5BH4S
7/8 Pants,LW5BHBS
7/8 Pants,LW5BIMS
7/8 Pants,LW5BINS
7/8 Pants,LW5BJOS
7/8 Pants,LW5BJVS
7/8 Pants,LW5BJZS
7/8 Pants,LW5BMES
7/8 Pants,LW5BMOS
7/8 Pants,LW5BNJS
7/8 Pants,LW5BP9S
7/8 Pants,LW5BPAS
7/8 Pants,LW5BPGS
7/8 Pants,LW5BQOS
7/8 Pants,LW5BQQS
7/8 Pants,LW5BR4S
7/8 Pants,LW5BRGS
7/8 Pants,LW5BSNS
7/8 Pants,LW5BSOS
7/8 Pants,LW5BSPS
7/8 Pants,LW5BTIS
7/8 Pants,LW5BUBS
7/8 Pants,LW5BUDS
7/8 Pants,LW5BVMS
7/8 Pants,LW5BW7S
7/8 Pants,LW5BWNS
7/8 Pants,LW5BWQS
7/8 Pants,LW5BY3S
7/8 Pants,LW5BY5S
7/8 Pants,LW5BYQS
7/8 Pants,LW5BYXS
7/8 Pants,LW5BYYS
7/8 Pants,LW5BZMS
7/8 Pants,LW5CA5S
7/8 Pants,LW5CABS
7/8 Pants,LW5CAJS
7/8 Pants,LW5CAXS
7/8 Pants,LW5CC5S
7/8 Pants,LW5CDMS
7/8 Pants,LW5CDNS
7/8 Pants,LW5CEMS
7/8 Pants,LW5CEZS
7/8 Pants,LW5CF1S
7/8 Pants,LW5CFFS
7/8 Pants,LW5CFGS
7/8 Pants,LW5CFHS
7/8 Pants,LW5CGNS
7/8 Pants,LW5CGOS
7/8 Pants,LW5CH0S
7/8 Pants,LW5CIOS
7/8 Pants,LW5CJ5S
7/8 Pants,LW5CK5S
7/8 Pants,LW5CKNS
7/8 Pants,LW5CKXS
7/8 Pants,LW5CMNS
7/8 Pants,LW5CO9S
7/8 Pants,LW5CQ2S
7/8 Pants,LW5CQDS
7/8 Pants,LW5CQFS
7/8 Pants,LW5CQLS
7/8 Pants,LW5CQNS
7/8 Pants,LW5CQOS
7/8 Pants,LW5CQTS
7/8 Pants,LW5CQVS
7/8 Pants,LW5CQZS
7/8 Pants,LW5CSGS
7/8 Pants,LW5CT3S
7/8 Pants,LW5CT8S
7/8 Pants,LW5CTAS
7/8 Pants,LW5CTBS
7/8 Pants,LW5CTCS
7/8 Pants,LW5CTDS
7/8 Pants,LW5CUBS
7/8 Pants,LW5CVGS
7/8 Pants,LW5CVKS
7/8 Pants,LW5CVYS
7/8 Pants,LW5CWES
7/8 Pants,LW5CX1S
7/8 Pants,LW5CZ7S
7/8 Pants,LW5CZMS
7/8 Pants,LW5DBBS
7/8 Pants,LW5DBLS
7/8 Pants,LW5DBQS
7/8 Pants,LW5DC4S
7/8 Pants,LW5DDDS
7/8 Pants,LW5DEPS
7/8 Pants,LW5DETS
7/8 Pants,LW5DHBS
7/8 Pants,LW5DI9S
7/8 Pants,LW5DJPS
7/8 Pants,LW5DKYS
7/8 Pants,LW5DLJS
7/8 Pants,LW5DLKS
7/8 Pants,LW5LIFS
7/8 Pants,LW5LJFS
7/8 Pants,LW5DLHS
7/8 Pants,LW5DREA
7/8 Pants,LW5DTNA
7/8 Pants,LW5CZOS
7/8 Pants,LW5DLFS
7/8 Pants,LW5DLTS
7/8 Pants,LW5DM0S
7/8 Pants,LW5DM3S
7/8 Pants,LW5DRJS
7/8 Pants,LW5DVJS
"7/8 Pants, Asia Fit",LW5BL4A
"7/8 Pants, Asia Fit",LW5BL7A
"7/8 Pants, Asia Fit",LW5BLJA
"7/8 Pants, Asia Fit",LW5BRCA
"7/8 Pants, Asia Fit",LW5BRHA
"7/8 Pants, Asia Fit",LW5BSAA
"7/8 Pants, Asia Fit",LW5BSRA
"7/8 Pants, Asia Fit",LW5BTNA
"7/8 Pants, Asia Fit",LW5BTQA
"7/8 Pants, Asia Fit",LW5BTRA
"7/8 Pants, Asia Fit",LW5BTTA
"7/8 Pants, Asia Fit",LW5BW9A
"7/8 Pants, Asia Fit",LW5BWBA
"7/8 Pants, Asia Fit",LW5BX9A
"7/8 Pants, Asia Fit",LW5BYEA
"7/8 Pants, Asia Fit",LW5BYFA
"7/8 Pants, Asia Fit",LW5BYIA
"7/8 Pants, Asia Fit",LW5BYKA
"7/8 Pants, Asia Fit",LW5BYMA
"7/8 Pants, Asia Fit",LW5BZ1A
"7/8 Pants, Asia Fit",LW5CDKA
"7/8 Pants, Asia Fit",LW5CDLA
"7/8 Pants, Asia Fit",LW5CEHA
"7/8 Pants, Asia Fit",LW5CEIA
"7/8 Pants, Asia Fit",LW5CEJA
"7/8 Pants, Asia Fit",LW5CF4A
"7/8 Pants, Asia Fit",LW5CF5A
"7/8 Pants, Asia Fit",LW5CF9A
"7/8 Pants, Asia Fit",LW5CFBA
"7/8 Pants, Asia Fit",LW5CFEA
"7/8 Pants, Asia Fit",LW5CGVA
"7/8 Pants, Asia Fit",LW5CJ3A
"7/8 Pants, Asia Fit",LW5CJ9A
"7/8 Pants, Asia Fit",LW5CJAA
"7/8 Pants, Asia Fit",LW5CJBA
"7/8 Pants, Asia Fit",LW5CJHA
"7/8 Pants, Asia Fit",LW5CJJA
"7/8 Pants, Asia Fit",LW5CM4A
"7/8 Pants, Asia Fit",LW5CM5A
"7/8 Pants, Asia Fit",LW5CNNA
"7/8 Pants, Asia Fit",LW5CNOA
"7/8 Pants, Asia Fit",LW5CNSA
"7/8 Pants, Asia Fit",LW5CNTA
"7/8 Pants, Asia Fit",LW5CNUA
"7/8 Pants, Asia Fit",LW5CO0A
"7/8 Pants, Asia Fit",LW5CO1A
"7/8 Pants, Asia Fit",LW5CQGA
"7/8 Pants, Asia Fit",LW5CRDA
"7/8 Pants, Asia Fit",LW5CRLA
"7/8 Pants, Asia Fit",LW5CRNA
"7/8 Pants, Asia Fit",LW5CTVA
"7/8 Pants, Asia Fit",LW5CTWA
"7/8 Pants, Asia Fit",LW5CU7A
"7/8 Pants, Asia Fit",LW5CUDA
"7/8 Pants, Asia Fit",LW5CUIA
"7/8 Pants, Asia Fit",LW5CUQA
"7/8 Pants, Asia Fit",LW5CWJA
"7/8 Pants, Asia Fit",LW5CWKA
"7/8 Pants, Asia Fit",LW5CWMA
"7/8 Pants, Asia Fit",LW5CWNA
"7/8 Pants, Asia Fit",LW5CWOA
"7/8 Pants, Asia Fit",LW5CWRA
"7/8 Pants, Asia Fit",LW5CWSA
"7/8 Pants, Asia Fit",LW5CYSA
"7/8 Pants, Asia Fit",LW5DA3A
"7/8 Pants, Asia Fit",LW5DDNA
"7/8 Pants, Asia Fit",LW5DDRA
"7/8 Pants, Asia Fit",LW5DE3A
"7/8 Pants, Asia Fit",LW5DEQA
"7/8 Pants, Asia Fit",LW5DFQA
"7/8 Pants, Asia Fit",LW5DFYA
"7/8 Pants, Asia Fit",LW5DG8A
"7/8 Pants, Asia Fit",LW5DGCA
"7/8 Pants, Asia Fit",LW5DGDA
"7/8 Pants, Asia Fit",LW5DGEA
"7/8 Pants, Asia Fit",LW5DGHA
"7/8 Pants, Asia Fit",LW5DH0A
"7/8 Pants, Asia Fit",LW5DI7A
"7/8 Pants, Asia Fit",LW5DL6A
"7/8 Pants, Asia Fit",LW5DLAA
"7/8 Pants, Asia Fit",LW5DNCA
"7/8 Pants, Asia Fit",LW5DNRA
"7/8 Pants, Asia Fit",LW5DO4A
"7/8 Pants, Asia Fit",LW5DOCA
"7/8 Pants, Asia Fit",LW5DTFA
"7/8 Pants, Asia Fit",LW5DTGA
"7/8 Pants, Asia Fit",LW5DTQA
Asia Fit,LW3DQLA
Asia Fit,LW4AXVA
Asia Fit,LW4BHPA
Asia Fit,LW4BHQA
Asia Fit,LW4BLGA
Asia Fit,LW4BNCA
Asia Fit,LW5CU6A
Asia Fit,LW5DDSA
Asia Fit,LW5DENA
Asia Fit,LW5DG6A
"Asia Fit, Crops",LW6AT1A
"Asia Fit, Crops",LW6AT2A
"Asia Fit, Crops",LW6AX6A
"Asia Fit, Crops",LW6BHBA
"Asia Fit, Full Length",LW5BL6A
"Asia Fit, Full Length",LW5BRIA
"Asia Fit, Full Length",LW5BS8A
"Asia Fit, Full Length",LW5BS9A
"Asia Fit, Full Length",LW5BSSA
"Asia Fit, Full Length",LW5BSTA
"Asia Fit, Full Length",LW5BSUA
"Asia Fit, Full Length",LW5BTMA
"Asia Fit, Full Length",LW5BTSA
"Asia Fit, Full Length",LW5BUPA
"Asia Fit, Full Length",LW5BX7A
"Asia Fit, Full Length",LW5CF8A
"Asia Fit, Full Length",LW5CNYA
"Asia Fit, Full Length",LW5CUJA
"Asia Fit, Full Length",LW5CWHA
"Asia Fit, Full Length",LW5CYVA
"Asia Fit, Full Length",LW5CYWA
"Asia Fit, Full Length",LW5CYXA
"Asia Fit, Full Length",LW5CZWA
"Asia Fit, Full Length",LW5DA2A
"Asia Fit, Full Length",LW5DDZA
"Asia Fit, Full Length",LW5DE1A
"Asia Fit, Full Length",LW5DE4A
"Asia Fit, Full Length",LW5DE5A
"Asia Fit, Full Length",LW5DESA
"Asia Fit, Full Length",LW5DFMA
"Asia Fit, Full Length",LW5DFPA
"Asia Fit, Full Length",LW5DFTA
"Asia Fit, Full Length",LW5DFWA
"Asia Fit, Full Length",LW5DG0A
"Asia Fit, Full Length",LW5DGGA
"Asia Fit, Full Length",LW5DGLA
"Asia Fit, Full Length",LW5DI6A
"Asia Fit, Full Length",LW5DL5A
"Asia Fit, Full Length",LW5DNDA
"Asia Fit, Full Length",LW5DNHA
"Asia Fit, Full Length",LW5DOFA
"Asia Fit, Full Length",LW5DQEA
"Asia Fit, Joggers",LM5653A
"Asia Fit, Joggers",LM5758A
"Asia Fit, Joggers",LM5765A
"Asia Fit, Joggers",LM5769A
"Asia Fit, Joggers",LM5ADKA
"Asia Fit, Joggers",LW5CR1A
"Asia Fit, Joggers",LW5CR3A
"Asia Fit, Joggers",LW5DDMA
"Asia Fit, Joggers",LW5DE2A
"Asia Fit, Joggers",LW5DEXA
"Asia Fit, Joggers",LW5DFNA
"Asia Fit, Joggers",LW5DFOA
"Asia Fit, Joggers",LW5DFXA
"Asia Fit, Joggers",LW5DL8A
"Asia Fit, Joggers",LW5DNLA
"Asia Fit, Joggers",LW5DOEA
"Asia Fit, Joggers",LW5DOQA
"Asia Fit, Pants",LM5646A
"Asia Fit, Pants",LM5651A
"Asia Fit, Pants",LM5A54A
"Asia Fit, Pants",LM5ABFA
"Asia Fit, Pants",LM5AD4A
"Asia Fit, Pants",LM5AE5A
"Asia Fit, Pants",LM5AG0A
"Asia Fit, Pants",LW5DFLA
"Asia Fit, Pants",LW5DOTA
"Asia Fit, Pants",LW5DOUA
"Asia Fit, Pants",LW5DY0A
"Asia Fit, Pants",LM5AH1A
"Asia Fit, Tank Tops",LW1BKAA
"Asia Fit, Tank Tops",LW1BKCA
"Asia Fit, Tank Tops",LW1BNJA
"Asia Fit, Tank Tops",LW1BPZA
"Asia Fit, Tank Tops",LW1BUOA
"Asia Fit, Tank Tops",LW1BYYA
"Asia Fit, Tank Tops",LW1BZ2A
"Asia Fit, Tank Tops",LW1BZ3A
"Asia Fit, Tank Tops",LW1CJLA
"Asia Fit, Tank Tops",LW1CJOA
"Asia Fit, Tank Tops",LW1CJRA
"Asia Fit, Tank Tops",LW1CKXA
"Asia Fit, Tank Tops",LW1CO1A
"Asia Fit, Tank Tops",LW1CO2A
"Asia Fit, Tank Tops",LW1CU0A
Backpack,LM9489S
Backpack,LM9767S
Backpack,LM9789S
Backpack,LM9807S
Backpack,LM9808S
Backpack,LM9819S
Backpack,LM9897S
Backpack,LM9914S
Backpack,LM9952S
Backpack,LM9A27S
Backpack,LM9A87S
Backpack,LM9AC2S
Backpack,LM9AFSS
Backpack,LM9AFTS
Backpack,LU9AFAS
Backpack,LW9AFWS
Backpack,LW9AHYS
Backpack,LW9AT3S
Backpack,LW9AZ7S
Backpack,LW9BBAS
Backpack,LW9BCJS
Backpack,LW9BCLS
Backpack,LW9BENS
Backpack,LW9BGDS
Backpack,LW9BHMS
Backpack,LW9BK2S
Backpack,LW9BLIS
Backpack,LW9BLKS
Backpack,LW9BNIS
Backpack,LW9BOJS
Backpack,LW9BPHS
Backpack,LW9BPIS
Backpack,LW9BT2S
Backpack,LW9BT3S
Backpack,LW9BV5S
Backpack,LW9BWJS
Backpack,LW9CB7S
Backpack,LW9CEZS
Backpack,LW9CF1S
Backpack,LW9CF4S
Backpack,LW9CHZS
Backpack,LW9CL6S
Backpack,LW9CP9S
Backpack,LW9CPES
Backpack,LW9CQAS
Backpack,LW9CQBS
Backpack,LW9CR9S
Backpack,LW9CRVS
Backpack,LW9CY2S
Backpack,LW9CY6S
Backpack,LW9CZ8S
Backpack,LW9DBPS
Backpack,LW9DDMS
Backpack,LW9DDYS
Backpack,LW9DFDS
Backpack,LW9DHWS
Backpack,LW9DN7S
Backpack,LW9DNNS
Bags,LU9AIJS
Bags,LU9AIVS
Bags,LU9AMPS
Bags,LW9AZ2S
Bags,LW9BQZS
Bags,LW9BRLS
Bags,LW9CJ6S
Bags,LW9DD9S
Beltbag,LU9AGTS
Beltbag,LU9AH0S
Beltbag,LU9AH1S
Beltbag,LW9BORS
Beltbag,LW9BXBS
Beltbag,LW9CEYS
Beltbag,LW9CJ0S
Beltbag,LW9CJZS
Beltbag,LW9CKKS
Beltbag,LW9DHQS
Beltbag,LW9DHYS
Beltbag,LW9DNJS
Beltbag,LW9DOBS
Beltbag,LW9DOCS
Beltbag,LW9DOFS
Bralette,LW2AYVS
Bralette,LW2BA6S
Bralette,LW2BEVS
Bralette,LW2BFUS
Bralette,LW2BN0S
Button Down Shirts,LM3CAIS
Button Down Shirts,LM3CQJS
Button Down Shirts,LW4BG8S
"Button Down Shirts, Long Sleeve Shirts",LM3CLXS
"Button Down Shirts, Long Sleeve Shirts",LM3CM0S
"Button Down Shirts, Long Sleeve Shirts",LM3CRNS
"Button Down Shirts, Long Sleeve Shirts",LM3CRQS
"Button Down Shirts, Long Sleeve Shirts",LM3CUIS
"Button Down Shirts, Long Sleeve Shirts",LM3EE3S
"Button Down Shirts, Short Sleeve Shirts",LM3BUXS
"Button Down Shirts, Short Sleeve Shirts",LM3CAKS
"Button Down Shirts, Short Sleeve Shirts",LM3CEGS
"Button Down Shirts, Short Sleeve Shirts",LM3CFNS
"Button Down Shirts, Short Sleeve Shirts",LM3CM1S
"Button Down Shirts, Short Sleeve Shirts",LM3CM2S
Coats & Jackets,IG4308Y
Coats & Jackets,IG4325S
Coats & Jackets,IG4357S
Coats & Jackets,LM3BFJS
Coats & Jackets,LM3BHUS
Coats & Jackets,LM3CB1S
Coats & Jackets,LM3CB6S
Coats & Jackets,LM3CBES
Coats & Jackets,LM3CBTS
Coats & Jackets,LM3CBYS
Coats & Jackets,LM3CCSS
Coats & Jackets,LM3CEQS
Coats & Jackets,LM3CFUS
Coats & Jackets,LM3CG1S
Coats & Jackets,LM3CGIS
Coats & Jackets,LM3CKAS
Coats & Jackets,LM3CLES
Coats & Jackets,LM3CRUS
Coats & Jackets,LM3CW4S
Coats & Jackets,LM4616S
Coats & Jackets,LM4668S
Coats & Jackets,LM4669S
Coats & Jackets,LM4681S
Coats & Jackets,LM4686S
Coats & Jackets,LM4695S
Coats & Jackets,LM4696S
Coats & Jackets,LM4698S
Coats & Jackets,LM4700S
Coats & Jackets,LM4715S
Coats & Jackets,LM4716S
Coats & Jackets,LM4721S
Coats & Jackets,LM4765S
Coats & Jackets,LM4785S
Coats & Jackets,LM4786S
Coats & Jackets,LM4798S
Coats & Jackets,LM4827S
Coats & Jackets,LM4832S
Coats & Jackets,LM4848S
Coats & Jackets,LM4865S
Coats & Jackets,LM4898S
Coats & Jackets,LM4901S
Coats & Jackets,LM4917S
Coats & Jackets,LM4931S
Coats & Jackets,LM4934S
Coats & Jackets,LM4962S
Coats & Jackets,LM4964S
Coats & Jackets,LM4975S
Coats & Jackets,LM4995S
Coats & Jackets,LM4A09S
Coats & Jackets,LM4A10S
Coats & Jackets,LM4A31S
Coats & Jackets,LM4A32S
Coats & Jackets,LM4A33S
Coats & Jackets,LM4A63S
Coats & Jackets,LM4A78S
Coats & Jackets,LM4A79S
Coats & Jackets,LM4A93S
Coats & Jackets,LM4A94S
Coats & Jackets,LM4A95S
Coats & Jackets,LM4A96S
Coats & Jackets,LM4A97S
Coats & Jackets,LM4A98S
Coats & Jackets,LM4AA0S
Coats & Jackets,LM4AA2S
Coats & Jackets,LM4AA3S
Coats & Jackets,LM4AA7S
Coats & Jackets,LM4AA8S
Coats & Jackets,LM4AA9S
Coats & Jackets,LM4AADS
Coats & Jackets,LM4AAES
Coats & Jackets,LM4AAFS
Coats & Jackets,LM4AAGS
Coats & Jackets,LM4AAMS
Coats & Jackets,LM4AB0S
Coats & Jackets,LM4AB5S
Coats & Jackets,LM4AB7S
Coats & Jackets,LM4AC7S
Coats & Jackets,LM4ADHS
Coats & Jackets,LM4AEKS
Coats & Jackets,LW3BO1S
Coats & Jackets,LW3BQ0S
Coats & Jackets,LW3BSES
Coats & Jackets,LW3BUGS
Coats & Jackets,LW3BUPS
Coats & Jackets,LW3BYAS
Coats & Jackets,LW3BYKS
Coats & Jackets,LW3CDDS
Coats & Jackets,LW3CECS
Coats & Jackets,LW3CEES
Coats & Jackets,LW3CERS
Coats & Jackets,LW3CFJS
Coats & Jackets,LW3CNHS
Coats & Jackets,LW3CTTS
Coats & Jackets,LW3DCRS
Coats & Jackets,LW3DJMS
Coats & Jackets,LW3DKJS
Coats & Jackets,LW3DQGS
Coats & Jackets,LW3DS7S
Coats & Jackets,LW3DU5S
Coats & Jackets,LW3DUDS
Coats & Jackets,LW3DUNS
Coats & Jackets,LW3EC9S
Coats & Jackets,LW3ECJS
Coats & Jackets,LW3ECMS
Coats & Jackets,LW3EEES
Coats & Jackets,LW3ENTS
Coats & Jackets,LW3EOZS
Coats & Jackets,LW3EPLS
Coats & Jackets,LW3ERYS
Coats & Jackets,LW3ESQS
Coats & Jackets,LW3ETQS
Coats & Jackets,LW3EUUS
Coats & Jackets,LW4AA0S
Coats & Jackets,LW4ACYS
Coats & Jackets,LW4AEIS
Coats & Jackets,LW4AGDS
Coats & Jackets,LW4AGHS
Coats & Jackets,LW4AGMS
Coats & Jackets,LW4AGNS
Coats & Jackets,LW4AJCS
Coats & Jackets,LW4AKBS
Coats & Jackets,LW4ALBS
Coats & Jackets,LW4AM1S
Coats & Jackets,LW4AN2S
Coats & Jackets,LW4AN4S
Coats & Jackets,LW4AN5S
Coats & Jackets,LW4AN6S
Coats & Jackets,LW4ANZS
Coats & Jackets,LW4AO4S
Coats & Jackets,LW4AO9S
Coats & Jackets,LW4AOBS
Coats & Jackets,LW4AOOS
Coats & Jackets,LW4AOWS
Coats & Jackets,LW4AP8S
Coats & Jackets,LW4AQJS
Coats & Jackets,LW4AQLS
Coats & Jackets,LW4AQNS
Coats & Jackets,LW4ARBS
Coats & Jackets,LW4ARCS
Coats & Jackets,LW4ARHS
Coats & Jackets,LW4ARJS
Coats & Jackets,LW4AS9S
Coats & Jackets,LW4ASES
Coats & Jackets,LW4ATES
Coats & Jackets,LW4ATOS
Coats & Jackets,LW4ATUS
Coats & Jackets,LW4AUQS
Coats & Jackets,LW4AV1S
Coats & Jackets,LW4AVFS
Coats & Jackets,LW4AVHS
Coats & Jackets,LW4AVRS
Coats & Jackets,LW4AVWS
Coats & Jackets,LW4AVXS
Coats & Jackets,LW4AW4S
Coats & Jackets,LW4AW8S
Coats & Jackets,LW4AWES
Coats & Jackets,LW4AWHS
Coats & Jackets,LW4AWJS
Coats & Jackets,LW4AWWS
Coats & Jackets,LW4AWXS
Coats & Jackets,LW4AX1S
Coats & Jackets,LW4AX7S
Coats & Jackets,LW4AX8S
Coats & Jackets,LW4AXDS
Coats & Jackets,LW4AXMS
Coats & Jackets,LW4AXXS
Coats & Jackets,LW4AXZS
Coats & Jackets,LW4AY2S
Coats & Jackets,LW4AYJS
Coats & Jackets,LW4AYQS
Coats & Jackets,LW4AYTS
Coats & Jackets,LW4AYWS
Coats & Jackets,LW4AYXS
Coats & Jackets,LW4AZ3S
Coats & Jackets,LW4AZ4S
Coats & Jackets,LW4BAES
Coats & Jackets,LW4BAFS
Coats & Jackets,LW4BAGS
Coats & Jackets,LW4BAJS
Coats & Jackets,LW4BAOS
Coats & Jackets,LW4BB2S
Coats & Jackets,LW4BBES
Coats & Jackets,LW4BBOS
Coats & Jackets,LW4BBQS
Coats & Jackets,LW4BBVS
Coats & Jackets,LW4BC2S
Coats & Jackets,LW4BD4S
Coats & Jackets,LW4BDFS
Coats & Jackets,LW4BDGS
Coats & Jackets,LW4BDHS
Coats & Jackets,LW4BDJS
Coats & Jackets,LW4BDKS
Coats & Jackets,LW4BDLS
Coats & Jackets,LW4BDSS
Coats & Jackets,LW4BDTS
Coats & Jackets,LW4BDXS
Coats & Jackets,LW4BE3S
Coats & Jackets,LW4BE4S
Coats & Jackets,LW4BE5S
Coats & Jackets,LW4BEGS
Coats & Jackets,LW4BEQS
Coats & Jackets,LW4BETS
Coats & Jackets,LW4BEUS
Coats & Jackets,LW4BEXS
Coats & Jackets,LW4BEYS
Coats & Jackets,LW4BF3S
Coats & Jackets,LW4BF5S
Coats & Jackets,LW4BFCS
Coats & Jackets,LW4BFFS
Coats & Jackets,LW4BFQS
Coats & Jackets,LW4BFRS
Coats & Jackets,LW4BFWS
Coats & Jackets,LW4BFXS
Coats & Jackets,LW4BFZS
Coats & Jackets,LW4BG3S
Coats & Jackets,LW4BG5S
Coats & Jackets,LW4BGCS
Coats & Jackets,LW4BGGS
Coats & Jackets,LW4BGMS
Coats & Jackets,LW4BGVS
Coats & Jackets,LW4BH6S
Coats & Jackets,LW4BHJS
Coats & Jackets,LW4BHKS
Coats & Jackets,LW4BHSS
Coats & Jackets,LW4BI9S
Coats & Jackets,LW4BICS
Coats & Jackets,LW4BIHS
Coats & Jackets,LW4BIJS
Coats & Jackets,LW4BIKS
Coats & Jackets,LW4BINS
Coats & Jackets,LW4BIOS
Coats & Jackets,LW4BITS
Coats & Jackets,LW4BIYS
Coats & Jackets,LW4BJ2S
Coats & Jackets,LW4BJAS
Coats & Jackets,LW4BJIS
Coats & Jackets,LW4BK0S
Coats & Jackets,LW4BK8S
Coats & Jackets,LW4BK9S
Coats & Jackets,LW4BKTS
Coats & Jackets,LW4BKWS
Coats & Jackets,LW4BLLS
Coats & Jackets,LW4BLMS
Coats & Jackets,LW4BLNS
Coats & Jackets,LW4BLTS
Coats & Jackets,LW4BLVS
Coats & Jackets,LW4BLZS
Coats & Jackets,LW4BM0S
Coats & Jackets,LW4BM3S
Coats & Jackets,LW4BM4S
Coats & Jackets,LW4BM9S
Coats & Jackets,LW4BMAS
Coats & Jackets,LW4BMDS
Coats & Jackets,LW4BMPS
Coats & Jackets,LW4BN6S
Coats & Jackets,LW4BN7S
Coats & Jackets,LW4BNSS
Coats & Jackets,LW4BO0S
Coats & Jackets,LW4BO3S
Coats & Jackets,LW4BOES
Coats & Jackets,LW4BOFS
Coats & Jackets,LW4BOIS
Coats & Jackets,LW4BOJS
Coats & Jackets,LW4BPES
Coats & Jackets,LW4BPWS
Coats & Jackets,LW4BQ9S
Coats & Jackets,LW4BQFS
Coats & Jackets,LW4BQJS
Coats & Jackets,LW4BQYS
Coats & Jackets,LW4BSDS
Coats & Jackets,LW4BSGS
Coats & Jackets,LW4F82S
Coats & Jackets,LW4G23S
Coats & Jackets,LW4H98S
Coats & Jackets,LW4IBTS
Coats & Jackets,LW4IC1S
Coats & Jackets,LW4IEIS
Coats & Jackets,LM4AC0S
Coats & Jackets,LW4BQKS
Coats & Jackets,LW4BNVS
"Coats & Jackets, Hoodies & Sweatshirts",LW3BRRS
"Coats & Jackets, Hoodies & Sweatshirts",LW3CB4S
"Coats & Jackets, Hoodies & Sweatshirts",LW3CKTS
"Coats & Jackets, Hoodies & Sweatshirts",LW3CKWS
"Coats & Jackets, Hoodies & Sweatshirts",LW3CODS
"Coats & Jackets, Hoodies & Sweatshirts",LW3DH8S
"Coats & Jackets, Hoodies & Sweatshirts",LW3DU1S
"Coats & Jackets, Hoodies & Sweatshirts",LW4ATWS
"Coats & Jackets, Hoodies & Sweatshirts",LW4AWDS
"Coats & Jackets, Hoodies & Sweatshirts",LW4AWFS
"Coats & Jackets, Hoodies & Sweatshirts",LW4AWKS
"Coats & Jackets, Hoodies & Sweatshirts",LW4AWLS
"Coats & Jackets, Hoodies & Sweatshirts",LW4AWMS
"Coats & Jackets, Hoodies & Sweatshirts",LW4AWNS
"Coats & Jackets, Hoodies & Sweatshirts",LW4AWOS
"Coats & Jackets, Hoodies & Sweatshirts",LW4BAFS
"Coats & Jackets, Hoodies & Sweatshirts",LW4BAIS
"Coats & Jackets, Hoodies & Sweatshirts",LW4BCIS
"Coats & Jackets, Hoodies & Sweatshirts",LW4BCJS
"Coats & Jackets, Hoodies & Sweatshirts",LW4BF8S
"Coats & Jackets, Hoodies & Sweatshirts",LW4BFLS
"Coats & Jackets, Hoodies & Sweatshirts",LW4BH2S
"Coats & Jackets, Hoodies & Sweatshirts",LW4BH4S
"Coats & Jackets, Hoodies & Sweatshirts",LW4BK4S
"Coats & Jackets, Hoodies & Sweatshirts",LW4BKES
"Coats & Jackets, Hoodies & Sweatshirts",LW4BL6S
"Coats & Jackets, Hoodies & Sweatshirts",LW4BLPS
"Coats & Jackets, Hoodies & Sweatshirts",LW4BMUS
"Coats & Jackets, Hoodies & Sweatshirts",LW4BMZS
"Coats & Jackets, Hoodies & Sweatshirts",LW4BN0S
"Coats & Jackets, Hoodies & Sweatshirts",LW4BNIS
"Coats & Jackets, Hoodies & Sweatshirts",LW4BOSS
"Coats & Jackets, Hoodies & Sweatshirts",LW4BP6S
"Coats & Jackets, Hoodies & Sweatshirts",LW4BP8S
"Coats & Jackets, Hoodies & Sweatshirts",LW4BPLS
"Coats & Jackets, Hoodies & Sweatshirts",LW4BQPS
"Coats & Jackets, Hoodies & Sweatshirts",LW4BQUS
Crops,LW5ALBS
Crops,LW6AB1S
Crops,LW6AEKS
Crops,LW6AG0S
Crops,LW6AG3S
Crops,LW6AGZS
Crops,LW6AHJS
Crops,LW6AI0S
Crops,LW6AILS
Crops,LW6AL7S
Crops,LW6ALES
Crops,LW6AMPS
Crops,LW6AMYS
Crops,LW6AN4S
Crops,LW6ANCS
Crops,LW6AO0S
Crops,LW6AO8S
Crops,LW6AOQS
Crops,LW6APAS
Crops,LW6APGS
Crops,LW6APUS
Crops,LW6AQBS
Crops,LW6AQCS
Crops,LW6AQGS
Crops,LW6AQMS
Crops,LW6AR1S
Crops,LW6ARKS
Crops,LW6ARPS
Crops,LW6ARQS
Crops,LW6ARRS
Crops,LW6AS8S
Crops,LW6ASBS
Crops,LW6ASDS
Crops,LW6ASHS
Crops,LW6ASXS
Crops,LW6AT0S
Crops,LW6AT8S
Crops,LW6ATMS
Crops,LW6ATNS
Crops,LW6ATPS
Crops,LW6ATTS
Crops,LW6ATXS
Crops,LW6ATZS
Crops,LW6AU5S
Crops,LW6AUDS
Crops,LW6AUKS
Crops,LW6AUQS
Crops,LW6AUTS
Crops,LW6AV0S
Crops,LW6AVHS
Crops,LW6AVIS
Crops,LW6AVJS
Crops,LW6AW2S
Crops,LW6AW5S
Crops,LW6AW6S
Crops,LW6AWIS
Crops,LW6AX2S
Crops,LW6AX9S
Crops,LW6AXBS
Crops,LW6AXCS
Crops,LW6AXES
Crops,LW6AXJS
Crops,LW6AXKS
Crops,LW6AXLS
Crops,LW6AXMS
Crops,LW6AXOS
Crops,LW6AXQS
Crops,LW6AXTS
Crops,LW6AXWS
Crops,LW6AXXS
Crops,LW6AY2S
Crops,LW6AY6S
Crops,LW6AY7S
Crops,LW6AZ0S
Crops,LW6AZGS
Crops,LW6AZLS
Crops,LW6AZSS
Crops,LW6AZTS
Crops,LW6AZUS
Crops,LW6BA7S
Crops,LW6BAFS
Crops,LW6BAIS
Crops,LW6BANS
Crops,LW6BAVS
Crops,LW6BAWS
Crops,LW6BAXS
Crops,LW6BB4S
Crops,LW6BB5S
Crops,LW6BB7S
Crops,LW6BBCS
Crops,LW6BBRS
Crops,LW6BBSS
Crops,LW6BCZS
Crops,LW6BD4S
Crops,LW6BD5S
Crops,LW6BDES
Crops,LW6BDGS
Crops,LW6BDLS
Crops,LW6BDTS
Crops,LW6BDVS
Crops,LW6BE0S
Crops,LW6BEBS
Crops,LW6BECS
Crops,LW6BEKS
Crops,LW6BEQS
Crops,LW6BERS
Crops,LW6BF1S
Crops,LW6BF7S
Crops,LW6BF9S
Crops,LW6BFBS
Crops,LW6BFGS
Crops,LW6BFHS
Crops,LW6BFJS
Crops,LW6BFKS
Crops,LW6BFUS
Crops,LW6BG0S
Crops,LW6BG1S
Crops,LW6BGDS
Crops,LW6BGFS
Crops,LW6BGGS
Crops,LW6BGHS
Crops,LW6BGIS
Crops,LW6BGJS
Crops,LW6BGYS
Crops,LW6BHCS
Crops,LW6BHIS
Crops,LW6BHLS
Crops,LW6BHMS
Crops,LW6BHOS
Crops,LW6BHQS
Crops,LW6BHWS
Crops,LW6BI0S
Crops,LW6BI3S
Crops,LW6BI4S
Crops,LW6BI8S
Crops,LW6BIES
Crops,LW6BIPS
Crops,LW6BIUS
Crops,LW6BIVS
Crops,LW6BIYS
Crops,LW6BJ5S
Crops,LW6BJ9S
Crops,LW6BJFS
Crops,LW6BJSS
Crops,LW6BK0S
Crops,LW6BK6S
Crops,LW6BKHS
Crops,LW6BLDS
Crops,LW6BM1S
Crops,LW6BMAS
Crops,LW6BMDS
Crops,LW6BMNS
Crops,LW6BMWS
Crops,LW6BMXS
Crops,LW6BNGS
Crops,LW6BNPS
Crops,LW6BOAS
Crops,LW6BODS
Crops,LW6BPFS
Crops,LW6BPGS
Crops,LW6BPIS
Crops,LW6BPLS
Crops,LW6BQUS
Crops,LW6BQVS
Crops,LW6BQWS
Crops,LW6F41S
Crops,LW6G11S
Crops,LW6G12S
Crops,LW6G44S
Crops,LW6HCXS
Crops,LW6HCYS
Crops,LW6HESS
Crops,LW6HGRS
Crops,LW6BFAS
Crops,LW6BKFS
Crops,LW6BRKS
Crops,LW6BS1S
Crops,LW6BUGS
Crops,LW6BMHS
Crops,LW6BMVS
Crossbody Bag,LU9AJ1S
Crossbody Bag,LU9AJHS
Crossbody Bag,LU9AJJS
Crossbody Bag,LU9AJKS
Crossbody Bag,LU9AJMS
Crossbody Bag,LU9AJVS
Crossbody Bag,LU9AJWS
Crossbody Bag,LU9AK4S
Crossbody Bag,LU9AKKS
Crossbody Bag,LU9AKMS
Crossbody Bag,LU9AKVS
Crossbody Bag,LU9AMWS
Crossbody Bag,LU9AN6S
Crossbody Bag,LU9AO8S
Crossbody Bag,LW9AE7S
Crossbody Bag,LW9BL3S
Crossbody Bag,LW9BLFS
Crossbody Bag,LW9BOIS
Crossbody Bag,LW9BU9S
Crossbody Bag,LW9BX5S
Crossbody Bag,LW9CACS
Crossbody Bag,LW9CC6S
Crossbody Bag,LW9CM0S
Crossbody Bag,LW9CWFS
Crossbody Bag,LW9CZ1S
Crossbody Bag,LW9DHXS
Dresses,LW1BKES
Dresses,LW1BNQS
Dresses,LW1BP0S
Dresses,LW1BP1S
Dresses,LW1BTYS
Dresses,LW1BUTS
Dresses,LW1BW9S
Dresses,LW1BWHS
Dresses,LW1BXCS
Dresses,LW1BXHS
Dresses,LW1BYPS
Dresses,LW1CDIS
Dresses,LW1CEIS
Dresses,LW1CENS
Dresses,LW1CF4S
Dresses,LW1CGTS
Dresses,LW1CGWS
Dresses,LW1CGXS
Dresses,LW1CI8S
Dresses,LW1CJYS
Dresses,LW1CKDS
Dresses,LW1CKES
Dresses,LW1CLJS
Dresses,LW1CN1S
Dresses,LW1CQ1S
Dresses,LW1CQ2S
Dresses,LW1CQ5S
Dresses,LW1CQ8S
Dresses,LW1CQ9S
Dresses,LW1CR7S
Dresses,LW1CR8S
Dresses,LW1CUOS
Dresses,LW1DC5S
Dresses,LW8606S
Dresses,LW8863S
Dresses,LW8895S
Dresses,LW8A98S
Dresses,LW8AARS
Dresses,LW8AB6S
Dresses,LW1CTFS
Dresses,LW1CTGS
Dresses,LW1CY2S
Dresses,LW1CYJS
Duffle Bags,LM9766S
Duffle Bags,LM9A89S
Duffle Bags,LM9AE7S
Duffle Bags,LM9AFUS
Duffle Bags,LU9AGQS
Duffle Bags,LW9AJSS
Duffle Bags,LW9BOOS
Duffle Bags,LW9BRUS
Duffle Bags,LW9CGDS
Duffle Bags,LW9CH7S
Duffle Bags,LW9CRTS
Duffle Bags,LW9CSCS
Duffle Bags,LW9CU1S
Face Masks,LU9AOBS
Face Masks,LU9AOKS
Face Masks,LU9AQ6S
Face Masks,LU9AQHS
Face Masks,LU9AQQS
Face Masks,LU9AQXS
Full Length,LW5AF7S
Full Length,LW5AFGS
Full Length,LW5AFJS
Full Length,LW5AGNS
Full Length,LW5AGQS
Full Length,LW5AM9S
Full Length,LW5ANDS
Full Length,LW5AOZS
Full Length,LW5AP7S
Full Length,LW5AQOS
Full Length,LW5ASQS
Full Length,LW5AT0S
Full Length,LW5AUXS
Full Length,LW5AWAS
Full Length,LW5AWBS
Full Length,LW5AWLS
Full Length,LW5AXCS
Full Length,LW5AYRS
Full Length,LW5AYYS
Full Length,LW5BABS
Full Length,LW5BBNS
Full Length,LW5BBZS
Full Length,LW5BC0S
Full Length,LW5BCSS
Full Length,LW5BCVS
Full Length,LW5BDTS
Full Length,LW5BEHS
Full Length,LW5BEOS
Full Length,LW5BF3S
Full Length,LW5BFHS
Full Length,LW5BFIS
Full Length,LW5BFJS
Full Length,LW5BFPS
Full Length,LW5BFTS
Full Length,LW5BFVS
Full Length,LW5BGSS
Full Length,LW5BGXS
Full Length,LW5BI5S
Full Length,LW5BIDS
Full Length,LW5BIHS
Full Length,LW5BJAS
Full Length,LW5BJHS
Full Length,LW5BJTS
Full Length,LW5BJWS
Full Length,LW5BKQS
Full Length,LW5BKTS
Full Length,LW5BKYS
Full Length,LW5BLIS
Full Length,LW5BMRS
Full Length,LW5BMUS
Full Length,LW5BMWS
Full Length,LW5BN0S
Full Length,LW5BOKS
Full Length,LW5BOWS
Full Length,LW5BP3S
Full Length,LW5BP4S
Full Length,LW5BP5S
Full Length,LW5BPES
Full Length,LW5BQFS
Full Length,LW5BRAS
Full Length,LW5BRDS
Full Length,LW5BRMS
Full Length,LW5BRXS
Full Length,LW5BS4S
Full Length,LW5BSZS
Full Length,LW5BT3S
Full Length,LW5BT5S
Full Length,LW5BU7S
Full Length,LW5BU8S
Full Length,LW5BVJS
Full Length,LW5BVLS
Full Length,LW5BWSS
Full Length,LW5BWUS
Full Length,LW5BWWS
Full Length,LW5BY1S
Full Length,LW5BYTS
Full Length,LW5BYZS
Full Length,LW5BZ0S
Full Length,LW5BZES
Full Length,LW5BZYS
Full Length,LW5BZZS
Full Length,LW5CA4S
Full Length,LW5CAES
Full Length,LW5CAYS
Full Length,LW5CBMS
Full Length,LW5CBRS
Full Length,LW5CC0S
Full Length,LW5CC1S
Full Length,LW5CC6S
Full Length,LW5CCJS
Full Length,LW5CCOS
Full Length,LW5CDGS
Full Length,LW5CDWS
Full Length,LW5CEQS
Full Length,LW5CESS
Full Length,LW5CFNS
Full Length,LW5CFTS
Full Length,LW5CH1S
Full Length,LW5CHGS
Full Length,LW5CHHS
Full Length,LW5CIAS
Full Length,LW5CIBS
Full Length,LW5CIPS
Full Length,LW5CIYS
Full Length,LW5CKRS
Full Length,LW5CKUS
Full Length,LW5CLCS
Full Length,LW5CLGS
Full Length,LW5CLIS
Full Length,LW5CMGS
Full Length,LW5CMHS
Full Length,LW5CMYS
Full Length,LW5CN5S
Full Length,LW5CNGS
Full Length,LW5CNKS
Full Length,LW5CNRS
Full Length,LW5CO5S
Full Length,LW5COQS
Full Length,LW5COUS
Full Length,LW5CQ3S
Full Length,LW5CQ5S
Full Length,LW5CQWS
Full Length,LW5CQXS
Full Length,LW5CRHS
Full Length,LW5CSWS
Full Length,LW5CTES
Full Length,LW5CTGS
Full Length,LW5CTHS
Full Length,LW5CTNS
Full Length,LW5CTOS
Full Length,LW5CUOS
Full Length,LW5CVCS
Full Length,LW5CVES
Full Length,LW5CVFS
Full Length,LW5CVOS
Full Length,LW5CVZS
Full Length,LW5CX7S
Full Length,LW5CXRS
Full Length,LW5CY6S
Full Length,LW5CZQS
Full Length,LW5DAQS
Full Length,LW5DAVS
Full Length,LW5DBES
Full Length,LW5DBNS
Full Length,LW5DBXS
Full Length,LW5DDBS
Full Length,LW5DERS
Full Length,LW5DEUS
Full Length,LW5DG1S
Full Length,LW5DH8S
Full Length,LW5DITS
Full Length,LW5DJ0S
Full Length,LW5DJ5S
Full Length,LW5DKIS
Full Length,LW5DL0S
Full Length,LW5DNXS
Full Length,LW5DR8S
Full Length,LW5G33S
Full Length,LW5L05S
Full Length,LW5LC6S
Full Length,LW5LCQS
Full Length,LW5LCTS
Full Length,LW5LCUS
Full Length,LW5LCYS
Full Length,LW5LK3S
Full Length,LW5LKLS
Full Length,LW5CKKS
Full Length,LW5CX9S
Gloves & Mittens,LM9637S
Gloves & Mittens,LM9682S
Gloves & Mittens,LM9949S
Gloves & Mittens,LM9951S
Gloves & Mittens,LM9A09S
Gloves & Mittens,LM9AAGS
Gloves & Mittens,LM9AAIS
Gloves & Mittens,LM9ACFS
Gloves & Mittens,LM9ACJS
Gloves & Mittens,LM9AF1S
Gloves & Mittens,LW9ATPS
Gloves & Mittens,LW9AVCS
Gloves & Mittens,LW9BDES
Gloves & Mittens,LW9BDFS
Gloves & Mittens,LW9BIZS
Gloves & Mittens,LW9BJ2S
Gloves & Mittens,LW9BK0S
Gloves & Mittens,LW9BM0S
Gloves & Mittens,LW9BNVS
Gloves & Mittens,LW9BOBS
Gloves & Mittens,LW9BTRS
Gloves & Mittens,LW9BYYS
Gloves & Mittens,LW9BZ6S
Gloves & Mittens,LW9CEBS
Gloves & Mittens,LW9CEKS
Gloves & Mittens,LW9CS7S
Gloves & Mittens,LW9CS9S
Gloves & Mittens,LW9CT3S
Gloves & Mittens,LW9CUCS
Gloves & Mittens,LW9CWUS
Gloves & Mittens,LW9CWZS
Gloves & Mittens,LW9CYNS
Gloves & Mittens,LW9DGCS
Gloves & Mittens,LW9DLCS
Hair Accessories,LW9ACMS
Hair Accessories,LW9AH6S
Hair Accessories,LW9AX3S
Hair Accessories,LW9AX5S
Hair Accessories,LW9AXBS
Hair Accessories,LW9BBRS
Hair Accessories,LW9BBUS
Hair Accessories,LW9BDLS
Hair Accessories,LW9BKMS
Hair Accessories,LW9BKNS
Hair Accessories,LW9BNGS
Hair Accessories,LW9BNZS
Hair Accessories,LW9BR9S
Hair Accessories,LW9CDCS
Hair Accessories,LW9CH4S
Hair Accessories,LW9CS2S
Hair Accessories,LW9CS6S
Hair Accessories,LW9CSOS
Hair Accessories,LW9CU4S
Hair Accessories,LW9CVTS
Hair Accessories,LW9CW1S
Hair Accessories,LW9CX4S
Hair Accessories,LW9CYGS
Hair Accessories,LW9CYJS
Hair Accessories,LW9CYLS
Hair Accessories,LW9DB6S
Hair Accessories,LW9DBNS
Hair Accessories,LW9DFZS
Hair Accessories,LW9DIOS
Hair Accessories,LW9DNDS
Hats,LM9471S
Hats,LM9575S
Hats,LM9651S
Hats,LM9685S
Hats,LM9811S
Hats,LM9876S
Hats,LM9892S
Hats,LM9941S
Hats,LM9964S
Hats,LM9A06S
Hats,LM9A07S
Hats,LM9A90S
Hats,LM9A92S
Hats,LM9AABS
Hats,LM9AAES
Hats,LM9AAFS
Hats,LM9AAOS
Hats,LM9AC3S
Hats,LM9ACES
Hats,LM9ACKS
Hats,LM9ACUS
Hats,LM9ACXS
Hats,LM9AD8S
Hats,LM9ADVS
Hats,LM9AEPS
Hats,LM9AF3S
Hats,LM9AFBS
Hats,LM9AHZS
Hats,LM9AI2S
Hats,LU9AFKS
Hats,LU9AH2S
Hats,LU9AHNS
Hats,LU9AIFS
Hats,LU9AINS
Hats,LU9AJXS
Hats,LU9AKQS
Hats,LU9AN2S
Hats,LW9AA1S
Hats,LW9AGDS
Hats,LW9AKHS
Hats,LW9ALPS
Hats,LW9AMDS
Hats,LW9AMGS
Hats,LW9ANWS
Hats,LW9AODS
Hats,LW9AQLS
Hats,LW9AQNS
Hats,LW9AQOS
Hats,LW9AVSS
Hats,LW9BDNS
Hats,LW9BEQS
Hats,LW9BERS
Hats,LW9BF9S
Hats,LW9BG4S
Hats,LW9BIGS
Hats,LW9BJPS
Hats,LW9BK1S
Hats,LW9BKWS
Hats,LW9BPNS
Hats,LW9BQ6S
Hats,LW9BSVS
Hats,LW9BTXS
Hats,LW9BWVS
Hats,LW9BXPS
Hats,LW9BYDS
Hats,LW9BYES
Hats,LW9BYFS
Hats,LW9BYIS
Hats,LW9BYQS
Hats,LW9CBQS
Hats,LW9CBWS
Hats,LW9CBXS
Hats,LW9CGZS
Hats,LW9CIHS
Hats,LW9CJNS
Hats,LW9CJPS
Hats,LW9CKES
Hats,LW9CM3S
Hats,LW9CNNS
Hats,LW9CNSS
Hats,LW9CNTS
Hats,LW9CNVS
Hats,LW9CPWS
Hats,LW9CPYS
Hats,LW9CQWS
Hats,LW9CQXS
Hats,LW9CS1S
Hats,LW9CT0S
Hats,LW9CT1S
Hats,LW9CTPS
Hats,LW9CTSS
Hats,LW9CTWS
Hats,LW9CU6S
Hats,LW9CU8S
Hats,LW9CVES
Hats,LW9CVFS
Hats,LW9CVPS
Hats,LW9CVUS
Hats,LW9CW0S
Hats,LW9CWVS
Hats,LW9CWWS
Hats,LW9CY3S
Hats,LW9CYIS
Hats,LW9DB7S
Hats,LW9DBJS
Hats,LW9DBOS
Hats,LW9DBQS
Hats,LW9DBRS
Hats,LW9DDTS
Hats,LW9DE7S
Hats,LW9DGES
Hats,LW9DH7S
Hats,LW9DH9S
Hats,LW9DIES
Hats,LW9DIQS
Hats,LW9DKCS
Hats,LW9DKDS
Hats,LW9DKFS
Hats,LW9DLBS
Hats,LW9DLOS
Hats,LW9DMRS
Hats,LW9DNBS
Hats,LW9DNSS
Hats,LW9DNVS
Hats,LW9DO0S
Hats,LW9DQPS
Hats,LW9H15S
Hats,LW9J29S
Hats,LW9MCYS
Hats,LM9ADZS
Hats,LU9AHOS
Hats,LU9AJZS
Hats,LW9CX8S
Hats,LW9DPXS
Hoodies & Sweatshirts,LM3AFHS
Hoodies & Sweatshirts,LM3AKKS
Hoodies & Sweatshirts,LM3AN8S
Hoodies & Sweatshirts,LM3AORS
Hoodies & Sweatshirts,LM3AQBS
Hoodies & Sweatshirts,LM3AR5S
Hoodies & Sweatshirts,LM3AS2S
Hoodies & Sweatshirts,LM3ASJS
Hoodies & Sweatshirts,LM3ATLS
Hoodies & Sweatshirts,LM3AUPS
Hoodies & Sweatshirts,LM3AXIS
Hoodies & Sweatshirts,LM3AXZS
Hoodies & Sweatshirts,LM3BC2S
Hoodies & Sweatshirts,LM3BCVS
Hoodies & Sweatshirts,LM3BDHS
Hoodies & Sweatshirts,LM3BESS
Hoodies & Sweatshirts,LM3BF7S
Hoodies & Sweatshirts,LM3BIJS
Hoodies & Sweatshirts,LM3BL8S
Hoodies & Sweatshirts,LM3BLCS
Hoodies & Sweatshirts,LM3BLTS
Hoodies & Sweatshirts,LM3BNLS
Hoodies & Sweatshirts,LM3BONS
Hoodies & Sweatshirts,LM3BPPS
Hoodies & Sweatshirts,LM3BPUS
Hoodies & Sweatshirts,LM3BQES
Hoodies & Sweatshirts,LM3BT0S
Hoodies & Sweatshirts,LM3BUGS
Hoodies & Sweatshirts,LM3BWES
Hoodies & Sweatshirts,LM3BY7S
Hoodies & Sweatshirts,LM3CB2S
Hoodies & Sweatshirts,LM3CB4S
Hoodies & Sweatshirts,LM3CBZS
Hoodies & Sweatshirts,LM3CCGS
Hoodies & Sweatshirts,LM3CCKS
Hoodies & Sweatshirts,LM3CCTS
Hoodies & Sweatshirts,LM3CD1S
Hoodies & Sweatshirts,LM3CDWS
Hoodies & Sweatshirts,LM3CE6S
Hoodies & Sweatshirts,LM3CEHS
Hoodies & Sweatshirts,LM3CEIS
Hoodies & Sweatshirts,LM3CFRS
Hoodies & Sweatshirts,LM3CG4S
Hoodies & Sweatshirts,LM3CGCS
Hoodies & Sweatshirts,LM3CH0S
Hoodies & Sweatshirts,LM3CH3S
Hoodies & Sweatshirts,LM3CHGS
Hoodies & Sweatshirts,LM3CI4S
Hoodies & Sweatshirts,LM3CKLS
Hoodies & Sweatshirts,LM3CLVS
Hoodies & Sweatshirts,LM3CMZS
Hoodies & Sweatshirts,LM3COXS
Hoodies & Sweatshirts,LM3CPJS
Hoodies & Sweatshirts,LM3CRZS
Hoodies & Sweatshirts,LM3CS4S
Hoodies & Sweatshirts,LM3CT2S
Hoodies & Sweatshirts,LM3CX8S
Hoodies & Sweatshirts,LM3CXCS
Hoodies & Sweatshirts,LM3DADS
Hoodies & Sweatshirts,LM4718S
Hoodies & Sweatshirts,LM4750S
Hoodies & Sweatshirts,LM4881S
Hoodies & Sweatshirts,LM4A70S
Hoodies & Sweatshirts,LM4A77S
Hoodies & Sweatshirts,LM4AAKS
Hoodies & Sweatshirts,LM4AALS
Hoodies & Sweatshirts,LM4AB1S
Hoodies & Sweatshirts,LM4ABDS
Hoodies & Sweatshirts,LM4ABHS
Hoodies & Sweatshirts,LW3AO5S
Hoodies & Sweatshirts,LW3AXWS
Hoodies & Sweatshirts,LW3BB0S
Hoodies & Sweatshirts,LW3BGKS
Hoodies & Sweatshirts,LW3BGPS
Hoodies & Sweatshirts,LW3BHFS
Hoodies & Sweatshirts,LW3BL2S
Hoodies & Sweatshirts,LW3BM0S
Hoodies & Sweatshirts,LW3BMES
Hoodies & Sweatshirts,LW3BN6S
Hoodies & Sweatshirts,LW3BNZS
Hoodies & Sweatshirts,LW3BO4S
Hoodies & Sweatshirts,LW3BP9S
Hoodies & Sweatshirts,LW3BQIS
Hoodies & Sweatshirts,LW3BQMS
Hoodies & Sweatshirts,LW3BUNS
Hoodies & Sweatshirts,LW3BV9S
Hoodies & Sweatshirts,LW3BXSS
Hoodies & Sweatshirts,LW3BXTS
Hoodies & Sweatshirts,LW3BY6S
Hoodies & Sweatshirts,LW3BZVS
Hoodies & Sweatshirts,LW3CBXS
Hoodies & Sweatshirts,LW3CD5S
Hoodies & Sweatshirts,LW3CD6S
Hoodies & Sweatshirts,LW3CD7S
Hoodies & Sweatshirts,LW3CDKS
Hoodies & Sweatshirts,LW3CDZS
Hoodies & Sweatshirts,LW3CEYS
Hoodies & Sweatshirts,LW3CFNS
Hoodies & Sweatshirts,LW3CFSS
Hoodies & Sweatshirts,LW3CFTS
Hoodies & Sweatshirts,LW3CGFS
Hoodies & Sweatshirts,LW3CGJS
Hoodies & Sweatshirts,LW3CH9S
Hoodies & Sweatshirts,LW3CHMS
Hoodies & Sweatshirts,LW3CHXS
Hoodies & Sweatshirts,LW3CI9S
Hoodies & Sweatshirts,LW3CIDS
Hoodies & Sweatshirts,LW3CIES
Hoodies & Sweatshirts,LW3CINS
Hoodies & Sweatshirts,LW3CJBS
Hoodies & Sweatshirts,LW3CJXS
Hoodies & Sweatshirts,LW3CLNS
Hoodies & Sweatshirts,LW3CLQS
Hoodies & Sweatshirts,LW3CLRS
Hoodies & Sweatshirts,LW3CMHS
Hoodies & Sweatshirts,LW3CMVS
Hoodies & Sweatshirts,LW3CNRS
Hoodies & Sweatshirts,LW3CO8S
Hoodies & Sweatshirts,LW3CO9S
Hoodies & Sweatshirts,LW3COWS
Hoodies & Sweatshirts,LW3COXS
Hoodies & Sweatshirts,LW3COYS
Hoodies & Sweatshirts,LW3CPKS
Hoodies & Sweatshirts,LW3CQ1S
Hoodies & Sweatshirts,LW3CQAS
Hoodies & Sweatshirts,LW3CQBS
Hoodies & Sweatshirts,LW3CQMS
Hoodies & Sweatshirts,LW3CQWS
Hoodies & Sweatshirts,LW3CRJS
Hoodies & Sweatshirts,LW3CRKS
Hoodies & Sweatshirts,LW3CTAS
Hoodies & Sweatshirts,LW3CTCS
Hoodies & Sweatshirts,LW3CTKS
Hoodies & Sweatshirts,LW3CU0S
Hoodies & Sweatshirts,LW3CVIS
Hoodies & Sweatshirts,LW3CWAS
Hoodies & Sweatshirts,LW3CYVS
Hoodies & Sweatshirts,LW3CZOS
Hoodies & Sweatshirts,LW3DALS
Hoodies & Sweatshirts,LW3DAMS
Hoodies & Sweatshirts,LW3DD6S
Hoodies & Sweatshirts,LW3DDCS
Hoodies & Sweatshirts,LW3DDWS
Hoodies & Sweatshirts,LW3DF6S
Hoodies & Sweatshirts,LW3DG8S
Hoodies & Sweatshirts,LW3DGDS
Hoodies & Sweatshirts,LW3DH4S
Hoodies & Sweatshirts,LW3DH7S
Hoodies & Sweatshirts,LW3DHIS
Hoodies & Sweatshirts,LW3DHLS
Hoodies & Sweatshirts,LW3DJ2S
Hoodies & Sweatshirts,LW3DJES
Hoodies & Sweatshirts,LW3DJJS
Hoodies & Sweatshirts,LW3DK2S
Hoodies & Sweatshirts,LW3DKOS
Hoodies & Sweatshirts,LW3DLCS
Hoodies & Sweatshirts,LW3DLDS
Hoodies & Sweatshirts,LW3DLTS
Hoodies & Sweatshirts,LW3DLUS
Hoodies & Sweatshirts,LW3DM2S
Hoodies & Sweatshirts,LW3DM4S
Hoodies & Sweatshirts,LW3DOIS
Hoodies & Sweatshirts,LW3DPGS
Hoodies & Sweatshirts,LW3DPTS
Hoodies & Sweatshirts,LW3DQJS
Hoodies & Sweatshirts,LW3DQPS
Hoodies & Sweatshirts,LW3DSBS
Hoodies & Sweatshirts,LW3DSMS
Hoodies & Sweatshirts,LW3DTYS
Hoodies & Sweatshirts,LW3DUHS
Hoodies & Sweatshirts,LW3DUOS
Hoodies & Sweatshirts,LW3DUSS
Hoodies & Sweatshirts,LW3DUTS
Hoodies & Sweatshirts,LW3DUUS
Hoodies & Sweatshirts,LW3DUVS
Hoodies & Sweatshirts,LW3DVBS
Hoodies & Sweatshirts,LW3DXGS
Hoodies & Sweatshirts,LW3DZJS
Hoodies & Sweatshirts,LW3EA6S
Hoodies & Sweatshirts,LW3EA7S
Hoodies & Sweatshirts,LW3EB0S
Hoodies & Sweatshirts,LW3EBES
Hoodies & Sweatshirts,LW3EBKS
Hoodies & Sweatshirts,LW3EBLS
Hoodies & Sweatshirts,LW3ECCS
Hoodies & Sweatshirts,LW3ECKS
Hoodies & Sweatshirts,LW3ECQS
Hoodies & Sweatshirts,LW3ED6S
Hoodies & Sweatshirts,LW3EECS
Hoodies & Sweatshirts,LW3EFZS
Hoodies & Sweatshirts,LW3EHHS
Hoodies & Sweatshirts,LW3EJIS
Hoodies & Sweatshirts,LW3EK6S
Hoodies & Sweatshirts,LW3EKQS
Hoodies & Sweatshirts,LW3ELCS
Hoodies & Sweatshirts,LW3ELFS
Hoodies & Sweatshirts,LW3ER5S
Hoodies & Sweatshirts,LW3ESAS
Hoodies & Sweatshirts,LW3ETJS
Hoodies & Sweatshirts,LW4AFRS
Hoodies & Sweatshirts,LW4ANWS
Hoodies & Sweatshirts,LW4ARTS
Hoodies & Sweatshirts,LW4AT2S
Hoodies & Sweatshirts,LW4AUHS
Hoodies & Sweatshirts,LW4AZ5S
Hoodies & Sweatshirts,LW4BDAS
Hoodies & Sweatshirts,LW4BFBS
Hoodies & Sweatshirts,LW4BFDS
Hoodies & Sweatshirts,LW4BJHS
Hoodies & Sweatshirts,LW4BL9S
Hoodies & Sweatshirts,LW4BN3S
Hoodies & Sweatshirts,LW4C67S
Hoodies & Sweatshirts,LW4IC7S
Hoodies & Sweatshirts,LW4IGJS
Hoodies & Sweatshirts,LM3CI2S
Hoodies & Sweatshirts,LM3CRFS
Hoodies & Sweatshirts,LW3EBAS
Hoodies & Sweatshirts,LW3ESBS
Hoodies & Sweatshirts,LM3DB0S
Hoodies & Sweatshirts,LW3ECPS
Hoodies & Sweatshirts,LW3EU8S
Joggers,LM5398S
Joggers,LM5421S
Joggers,LM5438S
Joggers,LM5484S
Joggers,LM5500S
Joggers,LM5536S
Joggers,LM5543S
Joggers,LM5569S
Joggers,LM5570S
Joggers,LM5574S
Joggers,LM5603S
Joggers,LM5622S
Joggers,LM5623S
Joggers,LM5636S
Joggers,LM5637S
Joggers,LM5642S
Joggers,LM5654S
Joggers,LM5655S
Joggers,LM5689S
Joggers,LM5730S
Joggers,LM5941S
Joggers,LM5942S
Joggers,LM5943S
Joggers,LM5954S
Joggers,LM5956S
Joggers,LM5A04S
Joggers,LM5A15S
Joggers,LM5A29S
Joggers,LM5A34S
Joggers,LM5A60S
Joggers,LM5A71S
Joggers,LM5AAOS
Joggers,LM5AAWS
Joggers,LM5ABLS
Joggers,LM5ACJS
Joggers,LM5AFPS
Joggers,LM5AG3S
Joggers,LW5AQHS
Joggers,LW5BCFS
Joggers,LW5BF6S
Joggers,LW5BG7S
Joggers,LW5BHKS
Joggers,LW5BM2S
Joggers,LW5BOJS
Joggers,LW5BPJS
Joggers,LW5BPXS
Joggers,LW5BSDS
Joggers,LW5BTCS
Joggers,LW5BVKS
Joggers,LW5BWHS
Joggers,LW5BXLS
Joggers,LW5BXOS
Joggers,LW5BZDS
Joggers,LW5CA6S
Joggers,LW5CD1S
Joggers,LW5CEVS
Joggers,LW5CG3S
Joggers,LW5CHAS
Joggers,LW5CHTS
Joggers,LW5CIFS
Joggers,LW5CJ4S
Joggers,LW5CJ7S
Joggers,LW5CJQS
Joggers,LW5CL2S
Joggers,LW5CMTS
Joggers,LW5CNIS
Joggers,LW5CO2S
Joggers,LW5CPJS
Joggers,LW5CQAS
Joggers,LW5CQKS
Joggers,LW5CR6S
Joggers,LW5CRKS
Joggers,LW5CSZS
Joggers,LW5CT0S
Joggers,LW5CT2S
Joggers,LW5CUNS
Joggers,LW5CUWS
Joggers,LW5CV4S
Joggers,LW5CVAS
Joggers,LW5CVDS
Joggers,LW5CVMS
Joggers,LW5CWCS
Joggers,LW5CZ5S
Joggers,LW5CZ6S
Joggers,LW5CZ8S
Joggers,LW5CZHS
Joggers,LW5DAKS
Joggers,LW5DB8S
Joggers,LW5DBPS
Joggers,LW5DCAS
Joggers,LW5DCRS
Joggers,LW5DCTS
Joggers,LW5DD3S
Joggers,LW5DDGS
Joggers,LW5DH6S
Joggers,LW5DIGS
Joggers,LW5DLLS
Joggers,LW5EAOS
Joggers,LW6ATAS
Joggers,LW6AY3S
Joggers,LW6AZ4S
Joggers,LW6BBES
Joggers,LW6BDKS
Joggers,LW6BDRS
Joggers,LW6BEWS
Joggers,LW6BFOS
Joggers,LW6BFQS
Joggers,LW6BJ0S
Joggers,LW6BJ1S
Joggers,LW6BM2S
Joggers,LW6BNDS
Joggers,LM5AA6S
Joggers,LW5DH7S
Joggers,LW5DMBS
Long Sleeve Shirts,LM3AFMS
Long Sleeve Shirts,LM3AKCS
Long Sleeve Shirts,LM3AKVS
Long Sleeve Shirts,LM3ANAS
Long Sleeve Shirts,LM3ANQS
Long Sleeve Shirts,LM3AOIS
Long Sleeve Shirts,LM3AOQS
Long Sleeve Shirts,LM3AP5S
Long Sleeve Shirts,LM3AQTS
Long Sleeve Shirts,LM3AR1S
Long Sleeve Shirts,LM3AS1S
Long Sleeve Shirts,LM3AS5S
Long Sleeve Shirts,LM3ATBS
Long Sleeve Shirts,LM3ATNS
Long Sleeve Shirts,LM3ATOS
Long Sleeve Shirts,LM3ATRS
Long Sleeve Shirts,LM3AUUS
Long Sleeve Shirts,LM3AW4S
Long Sleeve Shirts,LM3AXMS
Long Sleeve Shirts,LM3AYGS
Long Sleeve Shirts,LM3AYHS
Long Sleeve Shirts,LM3AYKS
Long Sleeve Shirts,LM3BDOS
Long Sleeve Shirts,LM3BEZS
Long Sleeve Shirts,LM3BF3S
Long Sleeve Shirts,LM3BG5S
Long Sleeve Shirts,LM3BG9S
Long Sleeve Shirts,LM3BGDS
Long Sleeve Shirts,LM3BHSS
Long Sleeve Shirts,LM3BJ7S
Long Sleeve Shirts,LM3BL4S
Long Sleeve Shirts,LM3BNOS
Long Sleeve Shirts,LM3BNRS
Long Sleeve Shirts,LM3BPKS
Long Sleeve Shirts,LM3BQSS
Long Sleeve Shirts,LM3BQVS
Long Sleeve Shirts,LM3BQXS
Long Sleeve Shirts,LM3BTLS
Long Sleeve Shirts,LM3BUQS
Long Sleeve Shirts,LM3BVUS
Long Sleeve Shirts,LM3BWBS
Long Sleeve Shirts,LM3BXES
Long Sleeve Shirts,LM3BY4S
Long Sleeve Shirts,LM3BYAS
Long Sleeve Shirts,LM3CB7S
Long Sleeve Shirts,LM3CC8S
Long Sleeve Shirts,LM3CC9S
Long Sleeve Shirts,LM3CCCS
Long Sleeve Shirts,LM3CCJS
Long Sleeve Shirts,LM3CDIS
Long Sleeve Shirts,LM3CFES
Long Sleeve Shirts,LM3CFYS
Long Sleeve Shirts,LM3CGFS
Long Sleeve Shirts,LM3CIMS
Long Sleeve Shirts,LM3CKDS
Long Sleeve Shirts,LM3CL4S
Long Sleeve Shirts,LM3CL8S
Long Sleeve Shirts,LM3CLHS
Long Sleeve Shirts,LM3CLPS
Long Sleeve Shirts,LM3CLSS
Long Sleeve Shirts,LM3CN3S
Long Sleeve Shirts,LM3CN5S
Long Sleeve Shirts,LM3CNPS
Long Sleeve Shirts,LM3COPS
Long Sleeve Shirts,LM3COVS
Long Sleeve Shirts,LM3CP9S
Long Sleeve Shirts,LM3CPGS
Long Sleeve Shirts,LM3CQTS
Long Sleeve Shirts,LM3CRDS
Long Sleeve Shirts,LM3CRZS
Long Sleeve Shirts,LM3CSRS
Long Sleeve Shirts,LM3CUHS
Long Sleeve Shirts,LM3CUZS
Long Sleeve Shirts,LM3CX4S
Long Sleeve Shirts,LM3CX7S
Long Sleeve Shirts,LM3CXDS
Long Sleeve Shirts,LM3CXGS
Long Sleeve Shirts,LM3CZRS
Long Sleeve Shirts,LM3CZSS
Long Sleeve Shirts,LM3EDMS
Long Sleeve Shirts,LW3ABIS
Long Sleeve Shirts,LW3ABWS
Long Sleeve Shirts,LW3AFGS
Long Sleeve Shirts,LW3AGZS
Long Sleeve Shirts,LW3AH0S
Long Sleeve Shirts,LW3AJES
Long Sleeve Shirts,LW3AT3S
Long Sleeve Shirts,LW3AT4S
Long Sleeve Shirts,LW3ATFS
Long Sleeve Shirts,LW3ATGS
Long Sleeve Shirts,LW3B57S
Long Sleeve Shirts,LW3BDZS
Long Sleeve Shirts,LW3BE0S
Long Sleeve Shirts,LW3BEAS
Long Sleeve Shirts,LW3BEOS
Long Sleeve Shirts,LW3BERS
Long Sleeve Shirts,LW3BFCS
Long Sleeve Shirts,LW3BFLS
Long Sleeve Shirts,LW3BG0S
Long Sleeve Shirts,LW3BG9S
Long Sleeve Shirts,LW3BGCS
Long Sleeve Shirts,LW3BI2S
Long Sleeve Shirts,LW3BIYS
Long Sleeve Shirts,LW3BKFS
Long Sleeve Shirts,LW3BKGS
Long Sleeve Shirts,LW3BKVS
Long Sleeve Shirts,LW3BLGS
Long Sleeve Shirts,LW3BLHS
Long Sleeve Shirts,LW3BM5S
Long Sleeve Shirts,LW3BMMS
Long Sleeve Shirts,LW3BMOS
Long Sleeve Shirts,LW3BMQS
Long Sleeve Shirts,LW3BNHS
Long Sleeve Shirts,LW3BNJS
Long Sleeve Shirts,LW3BO0S
Long Sleeve Shirts,LW3BO2S
Long Sleeve Shirts,LW3BO5S
Long Sleeve Shirts,LW3BQ3S
Long Sleeve Shirts,LW3BQ4S
Long Sleeve Shirts,LW3BQWS
Long Sleeve Shirts,LW3BSAS
Long Sleeve Shirts,LW3BSWS
Long Sleeve Shirts,LW3BU1S
Long Sleeve Shirts,LW3BUBS
Long Sleeve Shirts,LW3BVMS
Long Sleeve Shirts,LW3BVQS
Long Sleeve Shirts,LW3BVRS
Long Sleeve Shirts,LW3BVSS
Long Sleeve Shirts,LW3BWDS
Long Sleeve Shirts,LW3BXZS
Long Sleeve Shirts,LW3BYIS
Long Sleeve Shirts,LW3BZSS
Long Sleeve Shirts,LW3BZZS
Long Sleeve Shirts,LW3CB1S
Long Sleeve Shirts,LW3CBBS
Long Sleeve Shirts,LW3CBHS
Long Sleeve Shirts,LW3CC0S
Long Sleeve Shirts,LW3CC6S
Long Sleeve Shirts,LW3CCHS
Long Sleeve Shirts,LW3CCJS
Long Sleeve Shirts,LW3CCWS
Long Sleeve Shirts,LW3CCYS
Long Sleeve Shirts,LW3CDTS
Long Sleeve Shirts,LW3CE0S
Long Sleeve Shirts,LW3CE7S
Long Sleeve Shirts,LW3CEJS
Long Sleeve Shirts,LW3CFDS
Long Sleeve Shirts,LW3CGAS
Long Sleeve Shirts,LW3CGSS
Long Sleeve Shirts,LW3CGTS
Long Sleeve Shirts,LW3CHNS
Long Sleeve Shirts,LW3CI7S
Long Sleeve Shirts,LW3CIMS
Long Sleeve Shirts,LW3CIOS
Long Sleeve Shirts,LW3CIUS
Long Sleeve Shirts,LW3CJ6S
Long Sleeve Shirts,LW3CJ7S
Long Sleeve Shirts,LW3CJIS
Long Sleeve Shirts,LW3CJNS
Long Sleeve Shirts,LW3CLTS
Long Sleeve Shirts,LW3CN4S
Long Sleeve Shirts,LW3CNDS
Long Sleeve Shirts,LW3CO0S
Long Sleeve Shirts,LW3COGS
Long Sleeve Shirts,LW3COHS
Long Sleeve Shirts,LW3CP4S
Long Sleeve Shirts,LW3CP5S
Long Sleeve Shirts,LW3CR1S
Long Sleeve Shirts,LW3CSRS
Long Sleeve Shirts,LW3CTBS
Long Sleeve Shirts,LW3CTSS
Long Sleeve Shirts,LW3CU4S
Long Sleeve Shirts,LW3CW1S
Long Sleeve Shirts,LW3CX2S
Long Sleeve Shirts,LW3CY3S
Long Sleeve Shirts,LW3CYDS
Long Sleeve Shirts,LW3CYES
Long Sleeve Shirts,LW3CYJS
Long Sleeve Shirts,LW3CYTS
Long Sleeve Shirts,LW3CYZS
Long Sleeve Shirts,LW3CZ0S
Long Sleeve Shirts,LW3CZTS
Long Sleeve Shirts,LW3DAZS
Long Sleeve Shirts,LW3DCAS
Long Sleeve Shirts,LW3DCJS
Long Sleeve Shirts,LW3DCNS
Long Sleeve Shirts,LW3DCYS
Long Sleeve Shirts,LW3DCZS
Long Sleeve Shirts,LW3DD4S
Long Sleeve Shirts,LW3DDKS
Long Sleeve Shirts,LW3DDQS
Long Sleeve Shirts,LW3DDSS
Long Sleeve Shirts,LW3DEOS
Long Sleeve Shirts,LW3DFES
Long Sleeve Shirts,LW3DFKS
Long Sleeve Shirts,LW3DFLS
Long Sleeve Shirts,LW3DGCS
Long Sleeve Shirts,LW3DGPS
Long Sleeve Shirts,LW3DGQS
Long Sleeve Shirts,LW3DGSS
Long Sleeve Shirts,LW3DIIS
Long Sleeve Shirts,LW3DIJS
Long Sleeve Shirts,LW3DLOS
Long Sleeve Shirts,LW3DMSS
Long Sleeve Shirts,LW3DMTS
Long Sleeve Shirts,LW3DNRS
Long Sleeve Shirts,LW3DO2S
Long Sleeve Shirts,LW3DOBS
Long Sleeve Shirts,LW3DODS
Long Sleeve Shirts,LW3DP8S
Long Sleeve Shirts,LW3DPPS
Long Sleeve Shirts,LW3DRNS
Long Sleeve Shirts,LW3DS5S
Long Sleeve Shirts,LW3DT3S
Long Sleeve Shirts,LW3DTJS
Long Sleeve Shirts,LW3DTTS
Long Sleeve Shirts,LW3DU2S
Long Sleeve Shirts,LW3DUIS
Long Sleeve Shirts,LW3DW1S
Long Sleeve Shirts,LW3DWQS
Long Sleeve Shirts,LW3DX1S
Long Sleeve Shirts,LW3DXOS
Long Sleeve Shirts,LW3DYIS
Long Sleeve Shirts,LW3DZ1S
Long Sleeve Shirts,LW3DZYS
Long Sleeve Shirts,LW3EAOS
Long Sleeve Shirts,LW3EBWS
Long Sleeve Shirts,LW3EC8S
Long Sleeve Shirts,LW3ECGS
Long Sleeve Shirts,LW3ECHS
Long Sleeve Shirts,LW3EDKS
Long Sleeve Shirts,LW3EFCS
Long Sleeve Shirts,LW3EGBS
Long Sleeve Shirts,LW3EI1S
Long Sleeve Shirts,LW3EKGS
Long Sleeve Shirts,LW3ELIS
Long Sleeve Shirts,LW3ELJS
Long Sleeve Shirts,LW3ELNS
Long Sleeve Shirts,LW3EPJS
Long Sleeve Shirts,LW3ES0S
Long Sleeve Shirts,LW3ES2S
Long Sleeve Shirts,LW3ET9S
Long Sleeve Shirts,LW3ETHS
Long Sleeve Shirts,LW3ETZS
Long Sleeve Shirts,LW3EU4S
Long Sleeve Shirts,LW3EWYS
Long Sleeve Shirts,LW3F14S
Long Sleeve Shirts,LW3F81S
Long Sleeve Shirts,LW3M18S
Long Sleeve Shirts,LW3MEDS
Long Sleeve Shirts,LM3CV9S
Long Sleeve Shirts,LM3DDQS
Long Sleeve Shirts,LW3DX0S
Long Sleeve Shirts,LW3ESYS
"Long Sleeve Shirts, Polo Shirts",LM3BK9S
"Long Sleeve Shirts, Polo Shirts",LM3CFLS
"Long Sleeve Shirts, Swimsuits",LM3CGAS
"Long Sleeve Shirts, Swimsuits",LW3BETS
Onesies,LW1BDIS
Onesies,LW1BJES
Onesies,LW1BP7S
Onesies,LW1BPGS
Onesies,LW1BWLS
Onesies,LW1BXAS
Onesies,LW1BXZS
Onesies,LW1BZKS
Onesies,LW1CBMS
Onesies,LW1CDSS
Onesies,LW1CI2S
Onesies,LW1CLNS
Onesies,LW1CW2S
Onesies,LW1CW3S
Onesies,LW1CSYS
Onesies,LW1CTES
Onesies,LW1CUSS
"Onesies, Swimsuits",LW2CN1S
Pants,LM5315S
Pants,LM5335S
Pants,LM5358S
Pants,LM5413S
Pants,LM5426S
Pants,LM5439S
Pants,LM5440S
Pants,LM5489S
Pants,LM5517S
Pants,LM5521S
Pants,LM5522S
Pants,LM5535S
Pants,LM5542S
Pants,LM5545S
Pants,LM5552S
Pants,LM5556S
Pants,LM5577S
Pants,LM5593S
Pants,LM5608S
Pants,LM5609S
Pants,LM5627S
Pants,LM5632S
Pants,LM5647S
Pants,LM5669S
Pants,LM5680S
Pants,LM5691S
Pants,LM5700S
Pants,LM5704S
Pants,LM5711S
Pants,LM5728S
Pants,LM5732S
Pants,LM5736S
Pants,LM5756S
Pants,LM5840S
Pants,LM5903S
Pants,LM5928S
Pants,LM5955S
Pants,LM5968S
Pants,LM5971S
Pants,LM5972S
Pants,LM5974S
Pants,LM5975S
Pants,LM5982S
Pants,LM5983S
Pants,LM5984S
Pants,LM5A09S
Pants,LM5A17S
Pants,LM5A39S
Pants,LM5A40S
Pants,LM5A70S
Pants,LM5A73S
Pants,LM5A80S
Pants,LM5A81S
Pants,LM5A88S
Pants,LM5A92S
Pants,LM5A94S
Pants,LM5A97S
Pants,LM5A99S
Pants,LM5AABS
Pants,LM5AACS
Pants,LM5AADS
Pants,LM5AAES
Pants,LM5AAGS
Pants,LM5AAHS
Pants,LM5AAYS
Pants,LM5AB0S
Pants,LM5AB2S
Pants,LM5ABCS
Pants,LM5ABDS
Pants,LM5ABES
Pants,LM5ABGS
Pants,LM5ABNS
Pants,LM5AC4S
Pants,LM5AC6S
Pants,LM5ACES
Pants,LM5ACOS
Pants,LM5ACTS
Pants,LM5ACUS
Pants,LM5ACYS
Pants,LM5AD5S
Pants,LM5AD8S
Pants,LM5AD9S
Pants,LM5ADAS
Pants,LM5ADOS
Pants,LM5ADUS
Pants,LM5ADVS
Pants,LM5AG2S
Pants,LM5AHES
Pants,LW5ALWS
Pants,LW5AP2S
Pants,LW5AWZS
Pants,LW5BCJS
Pants,LW5BG6S
Pants,LW5BGZS
Pants,LW5BHCS
Pants,LW5BHFS
Pants,LW5BHNS
Pants,LW5BHRS
Pants,LW5BIPS
Pants,LW5BK2S
Pants,LW5BLPS
Pants,LW5BMDS
Pants,LW5BMKS
Pants,LW5BO8S
Pants,LW5BPMS
Pants,LW5BPNS
Pants,LW5BPYS
Pants,LW5BQPS
Pants,LW5BR2S
Pants,LW5BRVS
Pants,LW5BSHS
Pants,LW5BT2S
Pants,LW5BVFS
Pants,LW5BVNS
Pants,LW5BXIS
Pants,LW5CA7S
Pants,LW5CE9S
Pants,LW5CEWS
Pants,LW5CFNS
Pants,LW5CI3S
Pants,LW5CI7S
Pants,LW5CIDS
Pants,LW5CIRS
Pants,LW5CISS
Pants,LW5CITS
Pants,LW5CJ6S
Pants,LW5CK3S
Pants,LW5CL6S
Pants,LW5CLFS
Pants,LW5CLHS
Pants,LW5CNES
Pants,LW5CPCS
Pants,LW5CPNS
Pants,LW5CPPS
Pants,LW5CPUS
Pants,LW5CRBS
Pants,LW5CRIS
Pants,LW5CS2S
Pants,LW5CULS
Pants,LW5CUMS
Pants,LW5CUSS
Pants,LW5CUYS
Pants,LW5CWDS
Pants,LW5CWZS
Pants,LW5CYBS
Pants,LW5CZIS
Pants,LW5DBDS
Pants,LW5DBFS
Pants,LW5DCFS
Pants,LW5DCWS
Pants,LW5DEOS
Pants,LW5DGYS
Pants,LW5DIBS
Pants,LW5DKMS
Pants,LW5DLVS
Pants,LW5DXXS
Pants,LW5E18S
Pants,LW5J84S
Pants,LW6AG9S
Pants,LW6AJUS
Pants,LW6ALNS
Pants,LW6AUNS
Pants,LW6AUZS
Pants,LW6AV4S
Pants,LW6AV5S
Pants,LW6AVMS
Pants,LW6AWGS
Pants,LW6AWJS
Pants,LW6AWMS
Pants,LW6AWWS
Pants,LW6AXHS
Pants,LW6AXPS
Pants,LW6AY4S
Pants,LW6AYAS
Pants,LW6AYDS
Pants,LW6AYUS
Pants,LW6AYYS
Pants,LW6BA6S
Pants,LW6BA8S
Pants,LW6BA9S
Pants,LW6BAAS
Pants,LW6BASS
Pants,LW6BBXS
Pants,LW6BCHS
Pants,LW6BCLS
Pants,LW6BG9S
Pants,LW6BHES
Pants,LW6BHFS
Pants,LW6BJ2S
Pants,LW6BJ6S
Pants,LW6BJBS
Pants,LW6BJCS
Pants,LW6BJXS
Pants,LW6BKDS
Pants,LW6BLJS
Pants,LW6BLMS
Pants,LW6BLZS
Pants,LW6BO6S
Pants,LW6BPTS
Pants,LW6BQLS
Pants,LW6BQWS
Pants,LW6D83S
Pants,LW6E23S
Pants,LW6HE1S
Pants,LM5ACRS
Pants,LM5AE8S
Pants,LW6BKFS
Pants,LM5ADFS
Pants,LW5DM4S
Pants,LW5DRKS
Polo Shirts,LM3CSZS
"Polo Shirts, Short Sleeve Shirts",LM3AHRS
"Polo Shirts, Short Sleeve Shirts",LM3AJQS
"Polo Shirts, Short Sleeve Shirts",LM3ASCS
"Polo Shirts, Short Sleeve Shirts",LM3BCSS
"Polo Shirts, Short Sleeve Shirts",LM3BHLS
"Polo Shirts, Short Sleeve Shirts",LM3BHVS
"Polo Shirts, Short Sleeve Shirts",LM3BHWS
"Polo Shirts, Short Sleeve Shirts",LM3BLMS
"Polo Shirts, Short Sleeve Shirts",LM3BOAS
"Polo Shirts, Short Sleeve Shirts",LM3BOES
"Polo Shirts, Short Sleeve Shirts",LM3BXNS
"Polo Shirts, Short Sleeve Shirts",LM3CFPS
"Polo Shirts, Short Sleeve Shirts",LM3CKRS
"Polo Shirts, Short Sleeve Shirts",LM3CL3S
"Polo Shirts, Short Sleeve Shirts",LM3CRAS
"Polo Shirts, Short Sleeve Shirts",LM3CS9S
"Polo Shirts, Short Sleeve Shirts",LM3CSZS
"Polo Shirts, Short Sleeve Shirts",LM3CVTS
"Polo Shirts, Short Sleeve Shirts",LM3EFIS
"Polo Shirts, Short Sleeve Shirts",LW3BGRS
"Polo Shirts, Short Sleeve Shirts",LW3BPFS
"Polo Shirts, Short Sleeve Shirts",LW3CE6S
Scarves & Wraps,LM9790S
Scarves & Wraps,LM9ACLS
Scarves & Wraps,LM9AF2S
Scarves & Wraps,LW3AL9S
Scarves & Wraps,LW3BQOS
Scarves & Wraps,LW3CFKS
Scarves & Wraps,LW4ANXS
Scarves & Wraps,LW4ASQS
Scarves & Wraps,LW4AXUS
Scarves & Wraps,LW4BF4S
Scarves & Wraps,LW9AHJS
Scarves & Wraps,LW9ATXS
Scarves & Wraps,LW9BBQS
Scarves & Wraps,LW9BM5S
Scarves & Wraps,LW9BTZS
Scarves & Wraps,LW9CA1S
Scarves & Wraps,LW9CK9S
Scarves & Wraps,LW9CKBS
Scarves & Wraps,LW9CMFS
Scarves & Wraps,LW9CNIS
Scarves & Wraps,LW9CS8S
Scarves & Wraps,LW9CSZS
Scarves & Wraps,LW9CULS
Scarves & Wraps,LW9CWSS
Scarves & Wraps,LW9CXCS
Scarves & Wraps,LW9DBLS
Scarves & Wraps,LW9DC2S
Scarves & Wraps,LW9DFHS
Scarves & Wraps,LW9DFXS
Scarves & Wraps,LW9DGFS
Scarves & Wraps,LW9DIIS
Scarves & Wraps,LW9DQCS
Scarves & Wraps,LW9L00S
Scarves & Wraps,LW9M65S
Scarves & Wraps,LW9MCDS
Scarves & Wraps,LW9MDMS
Scarves & Wraps,LW9MGCS
Short Sleeve Shirts,LM3AEVS
Short Sleeve Shirts,LM3AFTS
Short Sleeve Shirts,LM3AK9S
Short Sleeve Shirts,LM3AKSS
Short Sleeve Shirts,LM3AKTS
Short Sleeve Shirts,LM3ANTS
Short Sleeve Shirts,LM3AOHS
Short Sleeve Shirts,LM3AP6S
Short Sleeve Shirts,LM3AP7S
Short Sleeve Shirts,LM3AP8S
Short Sleeve Shirts,LM3APOS
Short Sleeve Shirts,LM3ARHS
Short Sleeve Shirts,LM3ARPS
Short Sleeve Shirts,LM3ARVS
Short Sleeve Shirts,LM3ATFS
Short Sleeve Shirts,LM3ATWS
Short Sleeve Shirts,LM3AU8S
Short Sleeve Shirts,LM3AUSS
Short Sleeve Shirts,LM3AUVS
Short Sleeve Shirts,LM3AV3S
Short Sleeve Shirts,LM3AV5S
Short Sleeve Shirts,LM3AWGS
Short Sleeve Shirts,LM3AXNS
Short Sleeve Shirts,LM3AY5S
Short Sleeve Shirts,LM3AYCS
Short Sleeve Shirts,LM3AYLS
Short Sleeve Shirts,LM3AYMS
Short Sleeve Shirts,LM3AYTS
Short Sleeve Shirts,LM3AYUS
Short Sleeve Shirts,LM3AZBS
Short Sleeve Shirts,LM3BAYS
Short Sleeve Shirts,LM3BCQS
Short Sleeve Shirts,LM3BD1S
Short Sleeve Shirts,LM3BD2S
Short Sleeve Shirts,LM3BDJS
Short Sleeve Shirts,LM3BDMS
Short Sleeve Shirts,LM3BEHS
Short Sleeve Shirts,LM3BEKS
Short Sleeve Shirts,LM3BF1S
Short Sleeve Shirts,LM3BF4S
Short Sleeve Shirts,LM3BGNS
Short Sleeve Shirts,LM3BHNS
Short Sleeve Shirts,LM3BHPS
Short Sleeve Shirts,LM3BHRS
Short Sleeve Shirts,LM3BIBS
Short Sleeve Shirts,LM3BJ1S
Short Sleeve Shirts,LM3BJRS
Short Sleeve Shirts,LM3BJZS
Short Sleeve Shirts,LM3BKIS
Short Sleeve Shirts,LM3BKKS
Short Sleeve Shirts,LM3BKWS
Short Sleeve Shirts,LM3BKYS
Short Sleeve Shirts,LM3BL6S
Short Sleeve Shirts,LM3BLUS
Short Sleeve Shirts,LM3BMES
Short Sleeve Shirts,LM3BMMS
Short Sleeve Shirts,LM3BMUS
Short Sleeve Shirts,LM3BN3S
Short Sleeve Shirts,LM3BNJS
Short Sleeve Shirts,LM3BNNS
Short Sleeve Shirts,LM3BNQS
Short Sleeve Shirts,LM3BO5S
Short Sleeve Shirts,LM3BP8S
Short Sleeve Shirts,LM3BPQS
Short Sleeve Shirts,LM3BQ5S
Short Sleeve Shirts,LM3BQUS
Short Sleeve Shirts,LM3BQWS
Short Sleeve Shirts,LM3BQYS
Short Sleeve Shirts,LM3BTNS
Short Sleeve Shirts,LM3BTOS
Short Sleeve Shirts,LM3BU4S
Short Sleeve Shirts,LM3BU7S
Short Sleeve Shirts,LM3BUMS
Short Sleeve Shirts,LM3BV1S
Short Sleeve Shirts,LM3BV3S
Short Sleeve Shirts,LM3BV7S
Short Sleeve Shirts,LM3BV8S
Short Sleeve Shirts,LM3BVPS
Short Sleeve Shirts,LM3BVQS
Short Sleeve Shirts,LM3BXVS
Short Sleeve Shirts,LM3BXZS
Short Sleeve Shirts,LM3BY8S
Short Sleeve Shirts,LM3BY9S
Short Sleeve Shirts,LM3BZ0S
Short Sleeve Shirts,LM3BZUS
Short Sleeve Shirts,LM3CB5S
Short Sleeve Shirts,LM3CBMS
Short Sleeve Shirts,LM3CBQS
Short Sleeve Shirts,LM3CCUS
Short Sleeve Shirts,LM3CD6S
Short Sleeve Shirts,LM3CDJS
Short Sleeve Shirts,LM3CE7S
Short Sleeve Shirts,LM3CEZS
Short Sleeve Shirts,LM3CF3S
Short Sleeve Shirts,LM3CFWS
Short Sleeve Shirts,LM3CG7S
Short Sleeve Shirts,LM3CGNS
Short Sleeve Shirts,LM3CGPS
Short Sleeve Shirts,LM3CGWS
Short Sleeve Shirts,LM3CGYS
Short Sleeve Shirts,LM3CHTS
Short Sleeve Shirts,LM3CICS
Short Sleeve Shirts,LM3CIJS
Short Sleeve Shirts,LM3CJLS
Short Sleeve Shirts,LM3CJMS
Short Sleeve Shirts,LM3CJRS
Short Sleeve Shirts,LM3CJSS
Short Sleeve Shirts,LM3CJTS
Short Sleeve Shirts,LM3CJUS
Short Sleeve Shirts,LM3CJVS
Short Sleeve Shirts,LM3CJWS
Short Sleeve Shirts,LM3CK1S
Short Sleeve Shirts,LM3CKCS
Short Sleeve Shirts,LM3CLCS
Short Sleeve Shirts,LM3CLGS
Short Sleeve Shirts,LM3CLOS
Short Sleeve Shirts,LM3CLQS
Short Sleeve Shirts,LM3CMIS
Short Sleeve Shirts,LM3CO8S
Short Sleeve Shirts,LM3CO9S
Short Sleeve Shirts,LM3COOS
Short Sleeve Shirts,LM3CP5S
Short Sleeve Shirts,LM3CPHS
Short Sleeve Shirts,LM3CQ7S
Short Sleeve Shirts,LM3CQIS
Short Sleeve Shirts,LM3CRXS
Short Sleeve Shirts,LM3CS0S
Short Sleeve Shirts,LM3CSKS
Short Sleeve Shirts,LM3CSMS
Short Sleeve Shirts,LM3CUDS
Short Sleeve Shirts,LM3CV2S
Short Sleeve Shirts,LM3CWFS
Short Sleeve Shirts,LM3CX3S
Short Sleeve Shirts,LM3CX5S
Short Sleeve Shirts,LM3CXBS
Short Sleeve Shirts,LM3CXES
Short Sleeve Shirts,LM3CXFS
Short Sleeve Shirts,LM3CZJS
Short Sleeve Shirts,LM3CZPS
Short Sleeve Shirts,LM3CZQS
Short Sleeve Shirts,LM3CZTS
Short Sleeve Shirts,LM3CZUS
Short Sleeve Shirts,LM3D92S
Short Sleeve Shirts,LM3D97S
Short Sleeve Shirts,LM3DANS
Short Sleeve Shirts,LM3DARS
Short Sleeve Shirts,LM3DASS
Short Sleeve Shirts,LM3DATS
Short Sleeve Shirts,LM3ED3S
Short Sleeve Shirts,LM3ED4S
Short Sleeve Shirts,LM3EDLS
Short Sleeve Shirts,LM3EE6S
Short Sleeve Shirts,LM3EEBS
Short Sleeve Shirts,LW3ACZS
Short Sleeve Shirts,LW3AH1S
Short Sleeve Shirts,LW3AH2S
Short Sleeve Shirts,LW3AMAS
Short Sleeve Shirts,LW3AMSS
Short Sleeve Shirts,LW3AQCS
Short Sleeve Shirts,LW3AR7S
Short Sleeve Shirts,LW3ARBS
Short Sleeve Shirts,LW3ASOS
Short Sleeve Shirts,LW3AWLS
Short Sleeve Shirts,LW3AWPS
Short Sleeve Shirts,LW3AWQS
Short Sleeve Shirts,LW3BANS
Short Sleeve Shirts,LW3BC6S
Short Sleeve Shirts,LW3BC7S
Short Sleeve Shirts,LW3BC9S
Short Sleeve Shirts,LW3BCRS
Short Sleeve Shirts,LW3BD3S
Short Sleeve Shirts,LW3BDWS
Short Sleeve Shirts,LW3BECS
Short Sleeve Shirts,LW3BEZS
Short Sleeve Shirts,LW3BF3S
Short Sleeve Shirts,LW3BFGS
Short Sleeve Shirts,LW3BGGS
Short Sleeve Shirts,LW3BH0S
Short Sleeve Shirts,LW3BHUS
Short Sleeve Shirts,LW3BIES
Short Sleeve Shirts,LW3BIGS
Short Sleeve Shirts,LW3BIVS
Short Sleeve Shirts,LW3BJXS
Short Sleeve Shirts,LW3BK6S
Short Sleeve Shirts,LW3BLXS
Short Sleeve Shirts,LW3BLYS
Short Sleeve Shirts,LW3BM2S
Short Sleeve Shirts,LW3BMNS
Short Sleeve Shirts,LW3BOSS
Short Sleeve Shirts,LW3BP4S
Short Sleeve Shirts,LW3BP5S
Short Sleeve Shirts,LW3BPZS
Short Sleeve Shirts,LW3BQ1S
Short Sleeve Shirts,LW3BQ2S
Short Sleeve Shirts,LW3BQ5S
Short Sleeve Shirts,LW3BQ6S
Short Sleeve Shirts,LW3BROS
Short Sleeve Shirts,LW3BRWS
Short Sleeve Shirts,LW3BRYS
Short Sleeve Shirts,LW3BS9S
Short Sleeve Shirts,LW3BUCS
Short Sleeve Shirts,LW3BVBS
Short Sleeve Shirts,LW3BVFS
Short Sleeve Shirts,LW3BW7S
Short Sleeve Shirts,LW3BWJS
Short Sleeve Shirts,LW3BWZS
Short Sleeve Shirts,LW3BXBS
Short Sleeve Shirts,LW3BXCS
Short Sleeve Shirts,LW3BXXS
Short Sleeve Shirts,LW3BXYS
Short Sleeve Shirts,LW3BYGS
Short Sleeve Shirts,LW3BYHS
Short Sleeve Shirts,LW3BYRS
Short Sleeve Shirts,LW3BYSS
Short Sleeve Shirts,LW3BYTS
Short Sleeve Shirts,LW3BYUS
Short Sleeve Shirts,LW3BZQS
Short Sleeve Shirts,LW3BZXS
Short Sleeve Shirts,LW3BZYS
Short Sleeve Shirts,LW3C85S
Short Sleeve Shirts,LW3CAES
Short Sleeve Shirts,LW3CAHS
Short Sleeve Shirts,LW3CBSS
Short Sleeve Shirts,LW3CCBS
Short Sleeve Shirts,LW3CCKS
Short Sleeve Shirts,LW3CCLS
Short Sleeve Shirts,LW3CDCS
Short Sleeve Shirts,LW3CDPS
Short Sleeve Shirts,LW3CEOS
Short Sleeve Shirts,LW3CF4S
Short Sleeve Shirts,LW3CFWS
Short Sleeve Shirts,LW3CGDS
Short Sleeve Shirts,LW3CGES
Short Sleeve Shirts,LW3CGHS
Short Sleeve Shirts,LW3CGOS
Short Sleeve Shirts,LW3CGYS
Short Sleeve Shirts,LW3CH2S
Short Sleeve Shirts,LW3CHDS
Short Sleeve Shirts,LW3CHES
Short Sleeve Shirts,LW3CHIS
Short Sleeve Shirts,LW3CHUS
Short Sleeve Shirts,LW3CIPS
Short Sleeve Shirts,LW3CIQS
Short Sleeve Shirts,LW3CIWS
Short Sleeve Shirts,LW3CJ8S
Short Sleeve Shirts,LW3CJOS
Short Sleeve Shirts,LW3CLZS
Short Sleeve Shirts,LW3CM5S
Short Sleeve Shirts,LW3CN6S
Short Sleeve Shirts,LW3CNYS
Short Sleeve Shirts,LW3CNZS
Short Sleeve Shirts,LW3COVS
Short Sleeve Shirts,LW3COZS
Short Sleeve Shirts,LW3CP1S
Short Sleeve Shirts,LW3CP3S
Short Sleeve Shirts,LW3CPCS
Short Sleeve Shirts,LW3CPMS
Short Sleeve Shirts,LW3CPOS
Short Sleeve Shirts,LW3CQCS
Short Sleeve Shirts,LW3CQRS
Short Sleeve Shirts,LW3CR0S
Short Sleeve Shirts,LW3CT4S
Short Sleeve Shirts,LW3CTES
Short Sleeve Shirts,LW3CWLS
Short Sleeve Shirts,LW3CWRS
Short Sleeve Shirts,LW3CWVS
Short Sleeve Shirts,LW3CWXS
Short Sleeve Shirts,LW3CX9S
Short Sleeve Shirts,LW3CXES
Short Sleeve Shirts,LW3CYFS
Short Sleeve Shirts,LW3CYGS
Short Sleeve Shirts,LW3CYIS
Short Sleeve Shirts,LW3CYRS
Short Sleeve Shirts,LW3CZNS
Short Sleeve Shirts,LW3DBWS
Short Sleeve Shirts,LW3DCMS
Short Sleeve Shirts,LW3DCVS
Short Sleeve Shirts,LW3DD1S
Short Sleeve Shirts,LW3DD3S
Short Sleeve Shirts,LW3DD5S
Short Sleeve Shirts,LW3DDLS
Short Sleeve Shirts,LW3DDXS
Short Sleeve Shirts,LW3DEBS
Short Sleeve Shirts,LW3DFGS
Short Sleeve Shirts,LW3DFHS
Short Sleeve Shirts,LW3DFMS
Short Sleeve Shirts,LW3DFNS
Short Sleeve Shirts,LW3DFQS
Short Sleeve Shirts,LW3DFVS
Short Sleeve Shirts,LW3DGAS
Short Sleeve Shirts,LW3DGRS
Short Sleeve Shirts,LW3DGVS
Short Sleeve Shirts,LW3DH0S
Short Sleeve Shirts,LW3DHVS
Short Sleeve Shirts,LW3DI1S
Short Sleeve Shirts,LW3DISS
Short Sleeve Shirts,LW3DIXS
Short Sleeve Shirts,LW3DK7S
Short Sleeve Shirts,LW3DKHS
Short Sleeve Shirts,LW3DKSS
Short Sleeve Shirts,LW3DL0S
Short Sleeve Shirts,LW3DL5S
Short Sleeve Shirts,LW3DLJS
Short Sleeve Shirts,LW3DLNS
Short Sleeve Shirts,LW3DLPS
Short Sleeve Shirts,LW3DLRS
Short Sleeve Shirts,LW3DMAS
Short Sleeve Shirts,LW3DMLS
Short Sleeve Shirts,LW3DMUS
Short Sleeve Shirts,LW3DNVS
Short Sleeve Shirts,LW3DP9S
Short Sleeve Shirts,LW3DPXS
Short Sleeve Shirts,LW3DPYS
Short Sleeve Shirts,LW3DPZS
Short Sleeve Shirts,LW3DQ0S
Short Sleeve Shirts,LW3DQ3S
Short Sleeve Shirts,LW3DR5S
Short Sleeve Shirts,LW3DU0S
Short Sleeve Shirts,LW3DU7S
Short Sleeve Shirts,LW3DUFS
Short Sleeve Shirts,LW3DVZS
Short Sleeve Shirts,LW3DW0S
Short Sleeve Shirts,LW3DWRS
Short Sleeve Shirts,LW3DXKS
Short Sleeve Shirts,LW3DXRS
Short Sleeve Shirts,LW3DXUS
Short Sleeve Shirts,LW3DXWS
Short Sleeve Shirts,LW3DYFS
Short Sleeve Shirts,LW3DZ0S
Short Sleeve Shirts,LW3DZBS
Short Sleeve Shirts,LW3DZKS
Short Sleeve Shirts,LW3DZQS
Short Sleeve Shirts,LW3EA4S
Short Sleeve Shirts,LW3EAMS
Short Sleeve Shirts,LW3EAPS
Short Sleeve Shirts,LW3EB9S
Short Sleeve Shirts,LW3EBPS
Short Sleeve Shirts,LW3EBUS
Short Sleeve Shirts,LW3EC7S
Short Sleeve Shirts,LW3ECZS
Short Sleeve Shirts,LW3ED3S
Short Sleeve Shirts,LW3EDJS
Short Sleeve Shirts,LW3EE8S
Short Sleeve Shirts,LW3EEIS
Short Sleeve Shirts,LW3EESS
Short Sleeve Shirts,LW3EFGS
Short Sleeve Shirts,LW3EFHS
Short Sleeve Shirts,LW3EI3S
Short Sleeve Shirts,LW3EJ0S
Short Sleeve Shirts,LW3EK5S
Short Sleeve Shirts,LW3ELGS
Short Sleeve Shirts,LW3ELHS
Short Sleeve Shirts,LW3ELKS
Short Sleeve Shirts,LW3ELMS
Short Sleeve Shirts,LW3ELWS
Short Sleeve Shirts,LW3EM7S
Short Sleeve Shirts,LW3EMBS
Short Sleeve Shirts,LW3EMQS
Short Sleeve Shirts,LW3EPYS
Short Sleeve Shirts,LW3ERHS
Short Sleeve Shirts,LW3ES1S
Short Sleeve Shirts,LW3ESMS
Short Sleeve Shirts,LW3ESTS
Short Sleeve Shirts,LW3ET8S
Short Sleeve Shirts,LW3ETGS
Short Sleeve Shirts,LW3ETIS
Short Sleeve Shirts,LW3ETYS
Short Sleeve Shirts,LW3EU3S
Short Sleeve Shirts,LW3EUPS
Short Sleeve Shirts,LW3EUTS
Short Sleeve Shirts,LW3EWXS
Short Sleeve Shirts,LW3EY3S
Short Sleeve Shirts,LW3F15S
Short Sleeve Shirts,LW3F82S
Short Sleeve Shirts,LW3F84S
Short Sleeve Shirts,LW3M19S
Short Sleeve Shirts,LW3MEBS
Short Sleeve Shirts,LM3CP4S
Short Sleeve Shirts,LM3CQ0S
Short Sleeve Shirts,LM3CQGS
Short Sleeve Shirts,LM3CR6S
Short Sleeve Shirts,LM3CRES
Short Sleeve Shirts,LM3CW8S
Short Sleeve Shirts,LM3CSTS
Short Sleeve Shirts,LW3EM3S
"Short Sleeve Shirts, Swimsuits",LM3CHZS
Shorts,LM7332S
Shorts,LM7692S
Shorts,LM7901S
Shorts,LM7906S
Shorts,LM7912S
Shorts,LM7927S
Shorts,LM7940S
Shorts,LM7996S
Shorts,LM7A63S
Shorts,LM7A74S
Shorts,LM7A79S
Shorts,LM7A86S
Shorts,LM7A95S
Shorts,LM7A99S
Shorts,LM7AA0S
Shorts,LM7AA1S
Shorts,LM7AA5S
Shorts,LM7AA6S
Shorts,LM7AA7S
Shorts,LM7AA9S
Shorts,LM7AAAS
Shorts,LM7AAJS
Shorts,LM7AAOS
Shorts,LM7AAPS
Shorts,LM7AAQS
Shorts,LM7AAWS
Shorts,LM7AAYS
Shorts,LM7AB0S
Shorts,LM7AB1S
Shorts,LM7AB2S
Shorts,LM7AB3S
Shorts,LM7AB4S
Shorts,LM7AB5S
Shorts,LM7ABKS
Shorts,LM7AC0S
Shorts,LM7AC3S
Shorts,LM7AC4S
Shorts,LM7AC7S
Shorts,LM7ACBS
Shorts,LM7ACCS
Shorts,LM7AD3S
Shorts,LM7ADIS
Shorts,LM7ADJS
Shorts,LM7ADLS
Shorts,LM7ADPS
Shorts,LM7ADYS
Shorts,LM7AE0S
Shorts,LM7AE1S
Shorts,LM7AEDS
Shorts,LM7AEFS
Shorts,LM7AEXS
Shorts,LM7AF9S
Shorts,LM7AFBS
Shorts,LM7AFDS
Shorts,LM7AFGS
Shorts,LM7AFMS
Shorts,LM7AFWS
Shorts,LM7AFXS
Shorts,LM7AG2S
Shorts,LM7AG6S
Shorts,LM7AGCS
Shorts,LM7AGES
Shorts,LM7AGTS
Shorts,LM7AGXS
Shorts,LM7AGZS
Shorts,LM7AH6S
Shorts,LM7AHHS
Shorts,LM7AHPS
Shorts,LM7AI8S
Shorts,LM7AI9S
Shorts,LM7AJBS
Shorts,LM7AJES
Shorts,LM7AJOS
Shorts,LM7AJXS
Shorts,LM7AK1S
Shorts,LM7AK2S
Shorts,LM7AK3S
Shorts,LM7AK8S
Shorts,LM7AKFS
Shorts,LM7AKJS
Shorts,LM7AKYS
Shorts,LM7AL1S
Shorts,LM7AL4S
Shorts,LM7AL5S
Shorts,LM7ALAS
Shorts,LM7ALGS
Shorts,LM7AM4S
Shorts,LM7AMAS
Shorts,LM7AMOS
Shorts,LM7AMVS
Shorts,LM7ANBS
Shorts,LM7ANES
Shorts,LM7ANIS
Shorts,LM7ANRS
Shorts,LM7ANTS
Shorts,LM7ANUS
Shorts,LM7AO1S
Shorts,LM7AO2S
Shorts,LM7AO5S
Shorts,LM7AO6S
Shorts,LM7AOHS
Shorts,LM7AOIS
Shorts,LM7AOJS
Shorts,LM7AOKS
Shorts,LM7AONS
Shorts,LM7AP2S
Shorts,LM7AP6S
Shorts,LM7APCS
Shorts,LM7APES
Shorts,LM7APGS
Shorts,LM7APHS
Shorts,LM7APKS
Shorts,LM7APOS
Shorts,LM7APPS
Shorts,LM7APQS
Shorts,LM7APRS
Shorts,LM7APYS
Shorts,LM7AQ1S
Shorts,LM7AQAS
Shorts,LM7AQDS
Shorts,LM7AQES
Shorts,LM7AQFS
Shorts,LM7AQHS
Shorts,LM7AQLS
Shorts,LM7AQMS
Shorts,LM7AR9S
Shorts,LM7ARAS
Shorts,LM7ARGS
Shorts,LM7ARQS
Shorts,LM7ARRS
Shorts,LM7AS3S
Shorts,LM7AS7S
Shorts,LM7ASNS
Shorts,LM7ASSS
Shorts,LM7ASTS
Shorts,LM7ATAS
Shorts,LM7ATBS
Shorts,LM7ATJS
Shorts,LM7AUXS
Shorts,LM7AUYS
Shorts,LM7XZNS
Shorts,LM7Y12S
Shorts,LM7Y48S
Shorts,LM7Y58S
Shorts,LM7Y66S
Shorts,LM7Y95S
Shorts,LW7027S
Shorts,LW7578S
Shorts,LW7997S
Shorts,LW7A03S
Shorts,LW7AALS
Shorts,LW7ACPR
Shorts,LW7ADPS
Shorts,LW7AE9S
Shorts,LW7AEQS
Shorts,LW7AFBS
Shorts,LW7AG7S
Shorts,LW7AGHS
Shorts,LW7AGTT
Shorts,LW7AHMS
Shorts,LW7AHOR
Shorts,LW7AHRT
Shorts,LW7AHTS
Shorts,LW7AHUS
Shorts,LW7AHVS
Shorts,LW7AI5S
Shorts,LW7AJ8S
Shorts,LW7AJBR
Shorts,LW7AJQR
Shorts,LW7AJSR
Shorts,LW7AJUT
Shorts,LW7AK0S
Shorts,LW7AK9S
Shorts,LW7AKMR
Shorts,LW7AKWS
Shorts,LW7AL3S
Shorts,LW7AM5S
Shorts,LW7AM7S
Shorts,LW7AMTS
Shorts,LW7AMZS
Shorts,LW7ANDS
Shorts,LW7ANNS
Shorts,LW7ANSR
Shorts,LW7AO0S
Shorts,LW7AO6R
Shorts,LW7AOYS
Shorts,LW7AP4S
Shorts,LW7APIS
Shorts,LW7APOT
Shorts,LW7AQ0S
Shorts,LW7AQBS
Shorts,LW7AQES
Shorts,LW7AQLS
Shorts,LW7AQMS
Shorts,LW7AQPS
Shorts,LW7AQSS
Shorts,LW7AR6R
Shorts,LW7ARIT
Shorts,LW7ARJR
Shorts,LW7ARKR
Shorts,LW7ARMS
Shorts,LW7ARNS
Shorts,LW7AROS
Shorts,LW7ARQS
Shorts,LW7ARWS
Shorts,LW7AS7S
Shorts,LW7AS9S
Shorts,LW7ASCS
Shorts,LW7ASHS
Shorts,LW7ASIS
Shorts,LW7ASKS
Shorts,LW7ASLS
Shorts,LW7ASZS
Shorts,LW7AT0S
Shorts,LW7AT3S
Shorts,LW7AT4S
Shorts,LW7AT5S
Shorts,LW7ATBS
Shorts,LW7ATFR
Shorts,LW7ATLT
Shorts,LW7AU9S
Shorts,LW7AUGS
Shorts,LW7AULS
Shorts,LW7AURR
Shorts,LW7AUZS
Shorts,LW7AVBT
Shorts,LW7AVFS
Shorts,LW7AVIR
Shorts,LW7AVKS
Shorts,LW7AVLT
Shorts,LW7AVNT
Shorts,LW7AVOT
Shorts,LW7AVRT
Shorts,LW7AW4S
Shorts,LW7AW5S
Shorts,LW7AW7T
Shorts,LW7AW8T
Shorts,LW7AW9R
Shorts,LW7AWBT
Shorts,LW7AWGS
Shorts,LW7AWJT
Shorts,LW7AWKT
Shorts,LW7AX5S
Shorts,LW7AXGS
Shorts,LW7AY3S
Shorts,LW7AY4S
Shorts,LW7AYBS
Shorts,LW7AYCS
Shorts,LW7AYHS
Shorts,LW7AYMT
Shorts,LW7AYNS
Shorts,LW7AYOS
Shorts,LW7AYXT
Shorts,LW7AZ5S
Shorts,LW7AZ6S
Shorts,LW7AZZT
Shorts,LW7BAMS
Shorts,LW7BAUT
Shorts,LW7BAYS
Shorts,LW7BB5S
Shorts,LW7BBVS
Shorts,LW7BBYS
Shorts,LW7BCUS
Shorts,LW7BD3R
Shorts,LW7BDAS
Shorts,LW7BDQS
Shorts,LW7BDRS
Shorts,LW7BEJS
Shorts,LW7BEXS
Shorts,LW7BF4S
Shorts,LW7BG5S
Shorts,LW7BGGS
Shorts,LW7BGOS
Shorts,LW7BH8S
Shorts,LW7BHCT
Shorts,LW7BHQS
Shorts,LW7BHVR
Shorts,LW7BISS
Shorts,LW7BJ8T
Shorts,LW7BKES
Shorts,LW7BLWS
Shorts,LW7BLZS
Shorts,LW7BMKS
Shorts,LW7BNUS
Shorts,LW7BNWT
Shorts,LW7BO9S
Shorts,LW7BOKS
Shorts,LW7BOLS
Shorts,LW7BOUS
Shorts,LW7BOZS
Shorts,LW7BQOS
Shorts,LW7BQVS
Shorts,LW7BS6S
Shorts,LW7BTES
Shorts,LW7C94S
Shorts,LW7E42S
Shorts,LM7AQ5S
Shorts,LM7AROS
Shorts,LM7AT7S
Shorts,LW7BHSS
Shorts,LW7BPOS
Shorts,LW7BTKS
Shorts,LM7AR0S
Shorts,LM7ARWS
Shorts,LM7AS2S
Shorts,LM7AUDS
Shorts,LM7AWQS
"Shorts, Swimsuits",LM7ACVS
"Shorts, Swimsuits",LM7AF7S
"Shorts, Swimsuits",LM7AOXS
Skirts,LW8824R
Skirts,LW8837R
Skirts,LW8846R
Skirts,LW8847R
Skirts,LW8849R
Skirts,LW8864R
Skirts,LW8865R
Skirts,LW8897S
Skirts,LW8A62S
Skirts,LW8A69S
Skirts,LW8A74R
Skirts,LW8A78R
Skirts,LW8A81R
Skirts,LW8A84R
Skirts,LW8A87S
Skirts,LW8A88S
Skirts,LW8A97S
Skirts,LW8AA4S
Skirts,LW8AA6S
Skirts,LW8AA7S
Skirts,LW8AA8S
Skirts,LW8AAMS
Skirts,LW8AANS
Skirts,LW8AAOR
Skirts,LW8AATS
Skirts,LW8AB1T
Skirts,LW8AB7R
Skirts,LW8AB9S
Skirts,LW8ABAS
Skirts,LW8ABDS
Skirts,LW8ABER
Skirts,LW8ABHR
Skirts,LW8ABJT
Skirts,LW8ABOS
Skirts,LW8ABPS
Skirts,LW8ABTR
Skirts,LW8ABUT
Skirts,LW8AC0S
Skirts,LW8AC3S
Skirts,LW8ACNS
Skirts,LW8ACTS
Skirts,LW8ACZS
Skirts,LW8AD2T
Socks,LM9321S
Socks,LM9511S
Socks,LM9573S
Socks,LM9593S
Socks,LM9596S
Socks,LM9598S
Socks,LM9626S
Socks,LM9665S
Socks,LM9666S
Socks,LM9670S
Socks,LM9694S
Socks,LM9720S
Socks,LM9725S
Socks,LM9745S
Socks,LM9770S
Socks,LM9825S
Socks,LM9826S
Socks,LM9828S
Socks,LM9829S
Socks,LM9855S
Socks,LM9858S
Socks,LM9916S
Socks,LM9917S
Socks,LM9922S
Socks,LM9928S
Socks,LM9970S
Socks,LM9972S
Socks,LM9973S
Socks,LM9981S
Socks,LM9989S
Socks,LM9990S
Socks,LM9A11S
Socks,LM9A14S
Socks,LM9A16S
Socks,LM9A17S
Socks,LM9AAZS
Socks,LM9AB2S
Socks,LM9AB3S
Socks,LM9AB6S
Socks,LM9ABAS
Socks,LM9ABBS
Socks,LM9ABCS
Socks,LM9ABSS
Socks,LM9ABTS
Socks,LM9ADES
Socks,LM9ADGS
Socks,LM9ADNS
Socks,LM9AEKS
Socks,LM9AEMS
Socks,LM9AFDS
Socks,LM9AGVS
Socks,LM9AH3S
Socks,LM9AHIS
Socks,LM9XYSS
Socks,LM9XYTS
Socks,LM9XZUS
Socks,LM9XZYS
Socks,LW9ADCS
Socks,LW9AEOS
Socks,LW9AEVS
Socks,LW9AF4S
Socks,LW9AK2S
Socks,LW9ALDS
Socks,LW9ARDS
Socks,LW9ARMS
Socks,LW9ARWS
Socks,LW9ARXS
Socks,LW9ARYS
Socks,LW9ASMS
Socks,LW9ASNS
Socks,LW9AT5S
Socks,LW9AVNS
Socks,LW9AWPS
Socks,LW9AWQS
Socks,LW9AWRS
Socks,LW9AWUS
Socks,LW9AWXS
Socks,LW9BBYS
Socks,LW9BH3S
Socks,LW9BH4S
Socks,LW9BH5S
Socks,LW9BH6S
Socks,LW9BKOS
Socks,LW9BL9S
Socks,LW9BLAS
Socks,LW9BLWS
Socks,LW9BP6S
Socks,LW9BP8S
Socks,LW9BP9S
Socks,LW9BQPS
Socks,LW9BR1S
Socks,LW9BR2S
Socks,LW9BTHS
Socks,LW9BV8S
Socks,LW9BV9S
Socks,LW9BVAS
Socks,LW9BVBS
Socks,LW9BXGS
Socks,LW9BXJS
Socks,LW9CCIS
Socks,LW9CCKS
Socks,LW9CD6S
Socks,LW9CEMS
Socks,LW9CG9S
Socks,LW9CGAS
Socks,LW9CI2S
Socks,LW9CI3S
Socks,LW9CIES
Socks,LW9CILS
Socks,LW9CIWS
Socks,LW9CIXS
Socks,LW9CIYS
Socks,LW9CJ7S
Socks,LW9CKXS
Socks,LW9CL3S
Socks,LW9COXS
Socks,LW9CT4S
Socks,LW9CT5S
Socks,LW9CT9S
Socks,LW9CTAS
Socks,LW9CTBS
Socks,LW9CTDS
Socks,LW9CTHS
Socks,LW9CUZS
Socks,LW9CXRS
Socks,LW9DAAS
Socks,LW9DAIS
Socks,LW9DALS
Socks,LW9DDES
Socks,LW9DDFS
Socks,LW9DHSS
Socks,LW9DOOS
Socks,LW9DS9S
Socks,LW9E38S
Socks,LW9G68S
Socks,LW9H55S
Socks,LW9MAVS
Socks,LW9MAWS
Socks,LW9MCWS
Socks,LW9MDUS
Socks,LW9MDWS
Socks,LW9ME8S
Sports Bras,LW2277S
Sports Bras,LW2326S
Sports Bras,LW2540S
Sports Bras,LW2581S
Sports Bras,LW2623S
Sports Bras,LW2670S
Sports Bras,LW2731S
Sports Bras,LW2835S
Sports Bras,LW2A58S
Sports Bras,LW2AADS
Sports Bras,LW2AAJS
Sports Bras,LW2AAOS
Sports Bras,LW2AB0S
Sports Bras,LW2AB3S
Sports Bras,LW2ABUS
Sports Bras,LW2ADYS
Sports Bras,LW2AESS
Sports Bras,LW2AETS
Sports Bras,LW2AGYS
Sports Bras,LW2AHAS
Sports Bras,LW2AHGS
Sports Bras,LW2AHHS
Sports Bras,LW2AHOS
Sports Bras,LW2AIWS
Sports Bras,LW2AJ1S
Sports Bras,LW2AJ2S
Sports Bras,LW2AJ5S
Sports Bras,LW2AJ8S
Sports Bras,LW2AJWS
Sports Bras,LW2AKLS
Sports Bras,LW2AKTS
Sports Bras,LW2AL6S
Sports Bras,LW2AL9S
Sports Bras,LW2ALZS
Sports Bras,LW2AM5S
Sports Bras,LW2AN7S
Sports Bras,LW2ANWS
Sports Bras,LW2AOMS
Sports Bras,LW2AP1S
Sports Bras,LW2AP4S
Sports Bras,LW2APGS
Sports Bras,LW2APNS
Sports Bras,LW2APTS
Sports Bras,LW2AQ8S
Sports Bras,LW2AQ9S
Sports Bras,LW2AQAS
Sports Bras,LW2AQMS
Sports Bras,LW2AQVS
Sports Bras,LW2AR0S
Sports Bras,LW2AR1S
Sports Bras,LW2AR6S
Sports Bras,LW2ARLS
Sports Bras,LW2ASES
Sports Bras,LW2ASGS
Sports Bras,LW2ASJS
Sports Bras,LW2ASYS
Sports Bras,LW2ASZS
Sports Bras,LW2ATAS
Sports Bras,LW2ATCS
Sports Bras,LW2ATDS
Sports Bras,LW2ATES
Sports Bras,LW2AUES
Sports Bras,LW2AUPS
Sports Bras,LW2AUUS
Sports Bras,LW2AUXS
Sports Bras,LW2AUYS
Sports Bras,LW2AUZS
Sports Bras,LW2AV0S
Sports Bras,LW2AVQS
Sports Bras,LW2AVSS
Sports Bras,LW2AVYS
Sports Bras,LW2AWTS
Sports Bras,LW2AWUS
Sports Bras,LW2AWVS
Sports Bras,LW2AX5S
Sports Bras,LW2AX8S
Sports Bras,LW2AXOS
Sports Bras,LW2AXTS
Sports Bras,LW2AXVS
Sports Bras,LW2AXYS
Sports Bras,LW2AY0S
Sports Bras,LW2AY6S
Sports Bras,LW2AYAS
Sports Bras,LW2AYSS
Sports Bras,LW2B42S
Sports Bras,LW2BA5S
Sports Bras,LW2BA8S
Sports Bras,LW2BADS
Sports Bras,LW2BAGS
Sports Bras,LW2BAHS
Sports Bras,LW2BAMS
Sports Bras,LW2BAOS
Sports Bras,LW2BAVS
Sports Bras,LW2BB2S
Sports Bras,LW2BB3S
Sports Bras,LW2BBJS
Sports Bras,LW2BBMS
Sports Bras,LW2BBNS
Sports Bras,LW2BBPS
Sports Bras,LW2BC2S
Sports Bras,LW2BC6S
Sports Bras,LW2BC9S
Sports Bras,LW2BCDS
Sports Bras,LW2BCGS
Sports Bras,LW2BCSS
Sports Bras,LW2BD7S
Sports Bras,LW2BD8S
Sports Bras,LW2BD9S
Sports Bras,LW2BDDS
Sports Bras,LW2BE1S
Sports Bras,LW2BE2S
Sports Bras,LW2BE4S
Sports Bras,LW2BE5S
Sports Bras,LW2BE7S
Sports Bras,LW2BEGS
Sports Bras,LW2BEJS
Sports Bras,LW2BF3S
Sports Bras,LW2BFES
Sports Bras,LW2BFFS
Sports Bras,LW2BFLS
Sports Bras,LW2BFVS
Sports Bras,LW2BG6S
Sports Bras,LW2BGQS
Sports Bras,LW2BHES
Sports Bras,LW2BHFS
Sports Bras,LW2BHLS
Sports Bras,LW2BHMS
Sports Bras,LW2BHSS
Sports Bras,LW2BHWS
Sports Bras,LW2BHXS
Sports Bras,LW2BI1S
Sports Bras,LW2BIIS
Sports Bras,LW2BIJS
Sports Bras,LW2BILS
Sports Bras,LW2BIMS
Sports Bras,LW2BINS
Sports Bras,LW2BIPS
Sports Bras,LW2BIQS
Sports Bras,LW2BIRS
Sports Bras,LW2BISS
Sports Bras,LW2BIXS
Sports Bras,LW2BIYS
Sports Bras,LW2BJ7S
Sports Bras,LW2BJ9S
Sports Bras,LW2BJAS
Sports Bras,LW2BJPS
Sports Bras,LW2BJRS
Sports Bras,LW2BK2S
Sports Bras,LW2BK4S
Sports Bras,LW2BK8S
Sports Bras,LW2BK9S
Sports Bras,LW2BKCS
Sports Bras,LW2BKWS
Sports Bras,LW2BKYS
Sports Bras,LW2BL5S
Sports Bras,LW2BLES
Sports Bras,LW2BLFS
Sports Bras,LW2BLGS
Sports Bras,LW2BLHS
Sports Bras,LW2BLIS
Sports Bras,LW2BLMS
Sports Bras,LW2BLNS
Sports Bras,LW2BLOS
Sports Bras,LW2BLRS
Sports Bras,LW2BLYS
Sports Bras,LW2BM3S
Sports Bras,LW2BM5S
Sports Bras,LW2BMES
Sports Bras,LW2BMHS
Sports Bras,LW2BMUS
Sports Bras,LW2BN2S
Sports Bras,LW2BN4S
Sports Bras,LW2BN9S
Sports Bras,LW2BO4S
Sports Bras,LW2BO5S
Sports Bras,LW2BOCS
Sports Bras,LW2BPCS
Sports Bras,LW2BPDS
Sports Bras,LW2BPKS
Sports Bras,LW2BPOS
Sports Bras,LW2BPSS
Sports Bras,LW2BPWS
Sports Bras,LW2BPXS
Sports Bras,LW2BPZS
Sports Bras,LW2BQ0S
Sports Bras,LW2BQ8S
Sports Bras,LW2BQDS
Sports Bras,LW2BR1S
Sports Bras,LW2BRJS
Sports Bras,LW2BRPS
Sports Bras,LW2BS7S
Sports Bras,LW2BS8S
Sports Bras,LW2BTBS
Sports Bras,LW2BTIS
Sports Bras,LW2BTPS
Sports Bras,LW2BTSS
Sports Bras,LW2BUDS
Sports Bras,LW2BUPS
Sports Bras,LW2BUUS
Sports Bras,LW2BV5S
Sports Bras,LW2BV9S
Sports Bras,LW2BVAS
Sports Bras,LW2BVBS
Sports Bras,LW2BVFS
Sports Bras,LW2BVKS
Sports Bras,LW2BVYS
Sports Bras,LW2BVZS
Sports Bras,LW2BW4S
Sports Bras,LW2BW5S
Sports Bras,LW2BW7S
Sports Bras,LW2BWVS
Sports Bras,LW2BWXS
Sports Bras,LW2BX2S
Sports Bras,LW2BX6S
Sports Bras,LW2BXES
Sports Bras,LW2BXIS
Sports Bras,LW2BXNS
Sports Bras,LW2BXTS
Sports Bras,LW2BXYS
Sports Bras,LW2BYCS
Sports Bras,LW2BYFS
Sports Bras,LW2BYGS
Sports Bras,LW2BYPS
Sports Bras,LW2BZ5S
Sports Bras,LW2BZBS
Sports Bras,LW2BZMS
Sports Bras,LW2BZQS
Sports Bras,LW2BZVS
Sports Bras,LW2C61S
Sports Bras,LW2C76S
Sports Bras,LW2C79S
Sports Bras,LW2CBGS
Sports Bras,LW2CBOS
Sports Bras,LW2CEKS
Sports Bras,LW2CFYS
Sports Bras,LW2CGKS
Sports Bras,LW2CHCS
Sports Bras,LW2CITS
Sports Bras,LW2CJLS
Sports Bras,LW2CJMS
Sports Bras,LW2CJZS
Sports Bras,LW2CK1S
Sports Bras,LW2CK3S
Sports Bras,LW2CK4S
Sports Bras,LW2CK6S
Sports Bras,LW2CK8S
Sports Bras,LW2CK9S
Sports Bras,LW2CKTS
Sports Bras,LW2CL0S
Sports Bras,LW2CLIS
Sports Bras,LW2CLTS
Sports Bras,LW2CLVS
Sports Bras,LW2CLZS
Sports Bras,LW2CM0S
Sports Bras,LW2CM2S
Sports Bras,LW2CM4S
Sports Bras,LW2CM5S
Sports Bras,LW2CM6S
Sports Bras,LW2CMRS
Sports Bras,LW2CNBS
Sports Bras,LW2CNGS
Sports Bras,LW2CNLS
Sports Bras,LW2CNMS
Sports Bras,LW2CNNS
Sports Bras,LW2CNSS
Sports Bras,LW2CNXS
Sports Bras,LW2COBS
Sports Bras,LW2CP4S
Sports Bras,LW2CP6S
Sports Bras,LW2CPJS
Sports Bras,LW2CPOS
Sports Bras,LW2CRFS
Sports Bras,LW2CRHS
Sports Bras,LW2CS3S
Sports Bras,LW2CSIS
Sports Bras,LW2CSSS
Sports Bras,LW2CTIS
Sports Bras,LW2CV2S
Sports Bras,LW2CVWS
Sports Bras,LW2CVZS
Sports Bras,LW2CW3S
Sports Bras,LW2CW4S
Sports Bras,LW2CW5S
Sports Bras,LW2CWRS
Sports Bras,LW2CYNS
Sports Bras,LW2CYOS
Sports Bras,LW2CZFS
Sports Bras,LW2CZGS
Sports Bras,LW2CZHS
Sports Bras,LW2CZWS
Sports Bras,LW2D59S
Sports Bras,LW2DAES
Sports Bras,LW2BWYS
Sports Bras,LW2COPS
Sports Bras,LW2CVGS
Sports Bras,LW2CYJS
Sports Bras,LW2CYKS
Swimsuits,LW2AJLS
Swimsuits,LW2AQGS
Swimsuits,LW2BB7S
Swimsuits,LW2BB9S
Swimsuits,LW2BBAS
Swimsuits,LW2BBBS
Swimsuits,LW2BBES
Swimsuits,LW2BDJS
Swimsuits,LW2BEQS
Swimsuits,LW2BESS
Swimsuits,LW2BETS
Swimsuits,LW2BG4S
Swimsuits,LW2BGWS
Swimsuits,LW2BGXS
Swimsuits,LW2BJFS
Swimsuits,LW2BKKS
Swimsuits,LW2BKQS
Swimsuits,LW2BKRS
Swimsuits,LW2BKSS
Swimsuits,LW2BKTS
Swimsuits,LW2BKUS
Swimsuits,LW2BKVS
Swimsuits,LW2BQPS
Swimsuits,LW2BRFS
Swimsuits,LW2BRUS
Swimsuits,LW2BSXS
Swimsuits,LW2BTYS
Swimsuits,LW2BY0S
Swimsuits,LW2BY3S
Swimsuits,LW2BZOS
Swimsuits,LW2CC6S
Swimsuits,LW2CKDS
Swimsuits,LW2CKES
Swimsuits,LW2CKGS
Swimsuits,LW2CN0S
Swimsuits,LW2CN6S
Swimsuits,LW2COQS
Swimsuits,LW7ADIS
Swimsuits,LW7ALDS
Swimsuits,LW7ALWS
Swimsuits,LW7AQHS
Swimsuits,LW7AQIS
Swimsuits,LW7ASFS
Swimsuits,LW7ASOS
Swimsuits,LW7ASQS
Swimsuits,LW7AU3S
Swimsuits,LW7AW3S
Swimsuits,LW7AXQS
Swimsuits,LW7AXRS
Swimsuits,LW7AXSS
Swimsuits,LW7AZAS
Swimsuits,LW7BAZS
Swimsuits,LW7BB8S
Swimsuits,LW7BCAS
Swimsuits,LW7BE0S
Swimsuits,LW7BFAS
Swimsuits,LW7BIES
Swimsuits,LW7BIFS
Tank Tops,LM1139S
Tank Tops,LM1143S
Tank Tops,LM1148S
Tank Tops,LM1158S
Tank Tops,LM1159S
Tank Tops,LM1180S
Tank Tops,LM1191S
Tank Tops,LM1205S
Tank Tops,LM1207S
Tank Tops,LM1217S
Tank Tops,LM1218S
Tank Tops,LM3AEUS
Tank Tops,LM3AFSS
Tank Tops,LM3AQSS
Tank Tops,LM3AR9S
Tank Tops,LM3ARXS
Tank Tops,LM3AUFS
Tank Tops,LM3AUTS
Tank Tops,LM3AUWS
Tank Tops,LM3AV4S
Tank Tops,LM3BHTS
Tank Tops,LM3BJ2S
Tank Tops,LM3BKHS
Tank Tops,LM3BKZS
Tank Tops,LM3BLVS
Tank Tops,LM3BN2S
Tank Tops,LM3BV5S
Tank Tops,LM3BVWS
Tank Tops,LM3BVXS
Tank Tops,LM3BZVS
Tank Tops,LM3CCNS
Tank Tops,LM3CCOS
Tank Tops,LM3CEYS
Tank Tops,LM3CGHS
Tank Tops,LM3CHUS
Tank Tops,LM3CJNS
Tank Tops,LM3CJOS
Tank Tops,LM3CPIS
Tank Tops,LM3CQAS
Tank Tops,LW1960S
Tank Tops,LW1AASS
Tank Tops,LW1AAXS
Tank Tops,LW1ACTS
Tank Tops,LW1ADYS
Tank Tops,LW1AFWS
Tank Tops,LW1AHXS
Tank Tops,LW1AI1S
Tank Tops,LW1AI2S
Tank Tops,LW1AJ5S
Tank Tops,LW1AJTS
Tank Tops,LW1AK4S
Tank Tops,LW1AKAS
Tank Tops,LW1ALWS
Tank Tops,LW1AMJS
Tank Tops,LW1AMKS
Tank Tops,LW1AMXS
Tank Tops,LW1ARRS
Tank Tops,LW1ARZS
Tank Tops,LW1ASQS
Tank Tops,LW1ASVS
Tank Tops,LW1ASXS
Tank Tops,LW1ASYS
Tank Tops,LW1AU6S
Tank Tops,LW1AV3S
Tank Tops,LW1AW7S
Tank Tops,LW1AWXS
Tank Tops,LW1AX1S
Tank Tops,LW1AXGS
Tank Tops,LW1AXHS
Tank Tops,LW1AXZS
Tank Tops,LW1AYTS
Tank Tops,LW1AYUS
Tank Tops,LW1AYWS
Tank Tops,LW1AZBS
Tank Tops,LW1AZCS
Tank Tops,LW1AZOS
Tank Tops,LW1AZPS
Tank Tops,LW1AZTS
Tank Tops,LW1BA5S
Tank Tops,LW1BABS
Tank Tops,LW1BAMS
Tank Tops,LW1BBAS
Tank Tops,LW1BCBS
Tank Tops,LW1BCDS
Tank Tops,LW1BCHS
Tank Tops,LW1BCIS
Tank Tops,LW1BCOS
Tank Tops,LW1BCSS
Tank Tops,LW1BCUS
Tank Tops,LW1BD1S
Tank Tops,LW1BDAS
Tank Tops,LW1BDDS
Tank Tops,LW1BECS
Tank Tops,LW1BEJS
Tank Tops,LW1BFPS
Tank Tops,LW1BFTS
Tank Tops,LW1BG0S
Tank Tops,LW1BG1S
Tank Tops,LW1BG4S
Tank Tops,LW1BG7S
Tank Tops,LW1BGVS
Tank Tops,LW1BGWS
Tank Tops,LW1BGYS
Tank Tops,LW1BHFS
Tank Tops,LW1BHGS
Tank Tops,LW1BHHS
Tank Tops,LW1BHIS
Tank Tops,LW1BHJS
Tank Tops,LW1BHNS
Tank Tops,LW1BHOS
Tank Tops,LW1BHQS
Tank Tops,LW1BHRS
Tank Tops,LW1BI7S
Tank Tops,LW1BIDS
Tank Tops,LW1BIES
Tank Tops,LW1BIMS
Tank Tops,LW1BINS
Tank Tops,LW1BIZS
Tank Tops,LW1BJAS
Tank Tops,LW1BJGS
Tank Tops,LW1BJTS
Tank Tops,LW1BK7S
Tank Tops,LW1BKNS
Tank Tops,LW1BKYS
Tank Tops,LW1BLWS
Tank Tops,LW1BMSS
Tank Tops,LW1BMVS
Tank Tops,LW1BMWS
Tank Tops,LW1BMXS
Tank Tops,LW1BNAS
Tank Tops,LW1BNBS
Tank Tops,LW1BO2S
Tank Tops,LW1BO5S
Tank Tops,LW1BO8S
Tank Tops,LW1BODS
Tank Tops,LW1BOJS
Tank Tops,LW1BOPS
Tank Tops,LW1BP2S
Tank Tops,LW1BP6S
Tank Tops,LW1BP9S
Tank Tops,LW1BPAS
Tank Tops,LW1BPCS
Tank Tops,LW1BPDS
Tank Tops,LW1BPIS
Tank Tops,LW1BPTS
Tank Tops,LW1BPWS
Tank Tops,LW1BQ6S
Tank Tops,LW1BQ9S
Tank Tops,LW1BQAS
Tank Tops,LW1BQBS
Tank Tops,LW1BQES
Tank Tops,LW1BQJS
Tank Tops,LW1BQKS
Tank Tops,LW1BQLS
Tank Tops,LW1BQPS
Tank Tops,LW1BR5S
Tank Tops,LW1BRHS
Tank Tops,LW1BRLS
Tank Tops,LW1BRVS
Tank Tops,LW1BSAS
Tank Tops,LW1BSCS
Tank Tops,LW1BSFS
Tank Tops,LW1BSWS
Tank Tops,LW1BSXS
Tank Tops,LW1BSYS
Tank Tops,LW1BT0S
Tank Tops,LW1BT1S
Tank Tops,LW1BT3S
Tank Tops,LW1BT4S
Tank Tops,LW1BT5S
Tank Tops,LW1BTAS
Tank Tops,LW1BTBS
Tank Tops,LW1BTCS
Tank Tops,LW1BTIS
Tank Tops,LW1BTLS
Tank Tops,LW1BTNS
Tank Tops,LW1BTPS
Tank Tops,LW1BTUS
Tank Tops,LW1BU7S
Tank Tops,LW1BUAS
Tank Tops,LW1BULS
Tank Tops,LW1BUMS
Tank Tops,LW1BUXS
Tank Tops,LW1BV6S
Tank Tops,LW1BV7S
Tank Tops,LW1BVRS
Tank Tops,LW1BWBS
Tank Tops,LW1BWDS
Tank Tops,LW1BWFS
Tank Tops,LW1BWIS
Tank Tops,LW1BWVS
Tank Tops,LW1BX0S
Tank Tops,LW1BX1S
Tank Tops,LW1BX3S
Tank Tops,LW1BX6S
Tank Tops,LW1BX8S
Tank Tops,LW1BX9S
Tank Tops,LW1BXES
Tank Tops,LW1BXFS
Tank Tops,LW1BXGS
Tank Tops,LW1BXMS
Tank Tops,LW1BXOS
Tank Tops,LW1BXVS
Tank Tops,LW1BXXS
Tank Tops,LW1BYCS
Tank Tops,LW1BZJS
Tank Tops,LW1BZVS
Tank Tops,LW1C65S
Tank Tops,LW1CA5S
Tank Tops,LW1CA9S
Tank Tops,LW1CATS
Tank Tops,LW1CAZS
Tank Tops,LW1CB2S
Tank Tops,LW1CBCS
Tank Tops,LW1CBRS
Tank Tops,LW1CBVS
Tank Tops,LW1CBXS
Tank Tops,LW1CC3S
Tank Tops,LW1CCKS
Tank Tops,LW1CD2S
Tank Tops,LW1CD4S
Tank Tops,LW1CDCS
Tank Tops,LW1CDYS
Tank Tops,LW1CDZS
Tank Tops,LW1CEUS
Tank Tops,LW1CEXS
Tank Tops,LW1CF7S
Tank Tops,LW1CFDS
Tank Tops,LW1CFGS
Tank Tops,LW1CFPS
Tank Tops,LW1CFUS
Tank Tops,LW1CFYS
Tank Tops,LW1CFZS
Tank Tops,LW1CGCS
Tank Tops,LW1CGES
Tank Tops,LW1CGGS
Tank Tops,LW1CGLS
Tank Tops,LW1CGUS
Tank Tops,LW1CH4S
Tank Tops,LW1CH5S
Tank Tops,LW1CHOS
Tank Tops,LW1CHRS
Tank Tops,LW1CHSS
Tank Tops,LW1CHWS
Tank Tops,LW1CI3S
Tank Tops,LW1CICS
Tank Tops,LW1CIDS
Tank Tops,LW1CIMS
Tank Tops,LW1CIOS
Tank Tops,LW1CIRS
Tank Tops,LW1CJ5S
Tank Tops,LW1CJ7S
Tank Tops,LW1CJIS
Tank Tops,LW1CJUS
Tank Tops,LW1CJWS
Tank Tops,LW1CK0S
Tank Tops,LW1CK1S
Tank Tops,LW1CK4S
Tank Tops,LW1CK5S
Tank Tops,LW1CK6S
Tank Tops,LW1CKAS
Tank Tops,LW1CKCS
Tank Tops,LW1CKSS
Tank Tops,LW1CKUS
Tank Tops,LW1CLBS
Tank Tops,LW1CLLS
Tank Tops,LW1CLRS
Tank Tops,LW1CMBS
Tank Tops,LW1CMHS
Tank Tops,LW1CMIS
Tank Tops,LW1CMJS
Tank Tops,LW1CMKS
Tank Tops,LW1CMLS
Tank Tops,LW1CMSS
Tank Tops,LW1CMYS
Tank Tops,LW1CN3S
Tank Tops,LW1CN5S
Tank Tops,LW1CNPS
Tank Tops,LW1CNSS
Tank Tops,LW1CNUS
Tank Tops,LW1CNXS
Tank Tops,LW1CO0S
Tank Tops,LW1CO9S
Tank Tops,LW1COCS
Tank Tops,LW1CONS
Tank Tops,LW1COZS
Tank Tops,LW1CP0S
Tank Tops,LW1CPKS
Tank Tops,LW1CPTS
Tank Tops,LW1CPYS
Tank Tops,LW1CPZS
Tank Tops,LW1CQ6S
Tank Tops,LW1CQCS
Tank Tops,LW1CQFS
Tank Tops,LW1CQMS
Tank Tops,LW1CQRS
Tank Tops,LW1CQZS
Tank Tops,LW1CR6S
Tank Tops,LW1CRNS
Tank Tops,LW1CRXS
Tank Tops,LW1CRZS
Tank Tops,LW1CS0S
Tank Tops,LW1CS2S
Tank Tops,LW1CS4S
Tank Tops,LW1CS9S
Tank Tops,LW1CSES
Tank Tops,LW1CSFS
Tank Tops,LW1CSKS
Tank Tops,LW1CSLS
Tank Tops,LW1CSRS
Tank Tops,LW1CT9S
Tank Tops,LW1CTBS
Tank Tops,LW1CTKS
Tank Tops,LW1CTMS
Tank Tops,LW1CTPS
Tank Tops,LW1CU1S
Tank Tops,LW1CU3S
Tank Tops,LW1CU4S
Tank Tops,LW1CU5S
Tank Tops,LW1CUPS
Tank Tops,LW1CUZS
Tank Tops,LW1CV3S
Tank Tops,LW1CV4S
Tank Tops,LW1CV5S
Tank Tops,LW1CV6S
Tank Tops,LW1CVVS
Tank Tops,LW1CW0S
Tank Tops,LW1CW4S
Tank Tops,LW1CW5S
Tank Tops,LW1CW7S
Tank Tops,LW1CW8S
Tank Tops,LW1CWAS
Tank Tops,LW1CWBS
Tank Tops,LW1CWDS
Tank Tops,LW1CWES
Tank Tops,LW1CWFS
Tank Tops,LW1CWGS
Tank Tops,LW1CWLS
Tank Tops,LW1CXTS
Tank Tops,LW1CXXS
Tank Tops,LW1CXZS
Tank Tops,LW1CY0S
Tank Tops,LW1CY1S
Tank Tops,LW1CY5S
Tank Tops,LW1CYFS
Tank Tops,LW1CYMS
Tank Tops,LW1CYNS
Tank Tops,LW1CYRS
Tank Tops,LW1CYSS
Tank Tops,LW1DA3S
Tank Tops,LW1DASS
Tank Tops,LW1DBJS
Tank Tops,LW1DBKS
Tank Tops,LW1DBLS
Tank Tops,LW1DBMS
Tank Tops,LW1DBNS
Tank Tops,LW1DBSS
Tank Tops,LW1DBTS
Tank Tops,LW1DBUS
Tank Tops,LW1DCYS
Tank Tops,LW1DDMS
Tank Tops,LW1DDSS
Tank Tops,LW1E12S
Tank Tops,LW1E14S
Tank Tops,LW1F10S
Tank Tops,LW1H16S
Tank Tops,LW1H81S
Tank Tops,LW1H91S
Tank Tops,LW1L16S
Tank Tops,LW1N44S
Tank Tops,LW1NAWS
Tank Tops,LW1NFKS
Tank Tops,LW1NG7S
Tank Tops,LW1NI8S
Tank Tops,LW1NISS
Tank Tops,LM1209S
Tank Tops,LM3DAZS
Tank Tops,LW1CTHS
Tank Tops,LW1DAGS
Tight Shorts,LW7ACBS
Tight Shorts,LW7AOZS
Tight Shorts,LW7AQXS
Tight Shorts,LW7ARGS
Tight Shorts,LW7ARXS
Tight Shorts,LW7AS2S
Tight Shorts,LW7AVYS
Tight Shorts,LW7AYPS
Tight Shorts,LW7AYQS
Tight Shorts,LW7AYRS
Tight Shorts,LW7AYSS
Tight Shorts,LW7AZXS
Tight Shorts,LW7BAJS
Tight Shorts,LW7BBMS
Tight Shorts,LW7BC0S
Tight Shorts,LW7BCXS
Tight Shorts,LW7BCZS
Tight Shorts,LW7BDDS
Tight Shorts,LW7BEBS
Tight Shorts,LW7BEDS
Tight Shorts,LW7BESS
Tight Shorts,LW7BEWS
Tight Shorts,LW7BF6S
Tight Shorts,LW7BFXS
Tight Shorts,LW7BG0S
Tight Shorts,LW7BG3S
Tight Shorts,LW7BG4S
Tight Shorts,LW7BG6S
Tight Shorts,LW7BGZS
Tight Shorts,LW7BH0S
Tight Shorts,LW7BH1S
Tight Shorts,LW7BHIS
Tight Shorts,LW7BHPS
Tight Shorts,LW7BHUS
Tight Shorts,LW7BIJS
Tight Shorts,LW7BILS
Tight Shorts,LW7BJ4S
Tight Shorts,LW7BJNS
Tight Shorts,LW7BK4S
Tight Shorts,LW7BNBS
Tight Shorts,LW7BNNS
Tight Shorts,LW7BNYS
Tight Shorts,LW7BO2S
Tight Shorts,LW7BO3S
Tight Shorts,LW7BRWS
Tight Shorts,LW7BSBS
Tight Shorts,LW7BSDS
Tight Shorts,LW7FEQS
Tight Shorts,LW7BPOS
Tight Shorts,LW7BTKS
Tight Shorts,LW7BJYS
Tight Shorts,LW7BKHS
Tight Shorts,LW7BRCS
Tight Shorts,LW7BTIS
Tights,LM5507S
Tights,LM5513S
Tights,LM5530S
Tights,LM5576S
Tights,LM5596S
Tights,LM5678S
Tights,LM5775S
Tights,LM5924S
Tights,LM5946S
Tights,LM5A03S
Tights,LM5A14S
Tights,LM5A18S
Tights,LM5A75S
Tights,LM7AM6S
Totes,LW9ARES
Totes,LW9AZ4S
Totes,LW9BO7S
Totes,LW9BRWS
Totes,LW9BRXS
Totes,LW9BYCS
Totes,LW9CA8S
Totes,LW9CC1S
Totes,LW9CHAS
Totes,LW9CJTS
Totes,LW9CKQS
Totes,LW9CRUS
Totes,LW9CU2S
Totes,LW9CUMS
Totes,LW9CV4S
Totes,LW9CWDS
Totes,LW9DAES
Totes,LW9DHGS
Totes,LW9DHTS
Totes,LW9DHZS
Totes,LW9DKMS
Totes,LW9DKSS
Totes,LW9DMKS
Totes,LW9DMMS
Totes,LW9DQMS
Track Pants,LW5BIWS
Track Pants,LW5BYVS
Track Pants,LW5BZCS
Track Pants,LW5CFWR
Track Pants,LW5DBKS
Track Pants,LW5DNYS
Track Pants,LW6APMS
Track Pants,LW6AVQS
Track Pants,LW6BAPS
Underwear,LM9253S
Underwear,LM9344S
Underwear,LM9777S
Underwear,LM9848S
Underwear,LM9885S
Underwear,LM9905S
Underwear,LM9956S
Underwear,LM9A33S
Underwear,LM9A36S
Underwear,LM9A40S
Underwear,LM9A41S
Underwear,LM9A42S
Underwear,LM9A43S
Underwear,LM9A51S
Underwear,LM9A53S
Underwear,LM9A56S
Underwear,LM9A68S
Underwear,LM9A84S
Underwear,LM9AA4S
Underwear,LM9ACPS
Underwear,LM9ACRS
Underwear,LM9XZKS
Underwear,LM9XZLS
Underwear,LW9638S
Underwear,LW9764S
Underwear,LW9AJDS
Underwear,LW9AK0S
Underwear,LW9AK1S
Underwear,LW9AL3S
Underwear,LW9AL4S
Underwear,LW9AT7S
Underwear,LW9AXLS
Underwear,LW9BHKS
Underwear,LW9BJVS
Underwear,LW9BJWS
Underwear,LW9BJXS
Underwear,LW9BJYS
Underwear,LW9BL0S
Underwear,LW9BQUS
Underwear,LW9BVGS
Underwear,LW9BVHS
Underwear,LW9BVIS
Underwear,LW9BVJS
Underwear,LW9CE8S
Underwear,LW9CE9S
Underwear,LW9CP0S
Underwear,LW9CP1S
Underwear,LW9CP2S
Underwear,LW9CP3S
Underwear,LW9MBUS
Underwear,LW9MG3S
Underwear,LM9ACAS
Wallets and Pouches,LM9884S
Wallets and Pouches,LM9968S
Wallets and Pouches,LM9A26S
Wallets and Pouches,LM9AC6S
Wallets and Pouches,LM9ADDS
Wallets and Pouches,LM9AH9S
Wallets and Pouches,LW9ATIS
Wallets and Pouches,LW9BEUS
Wallets and Pouches,LW9BITS
Wallets and Pouches,LW9BLOS
Wallets and Pouches,LW9BNMS
Wallets and Pouches,LW9BSSS
Wallets and Pouches,LW9BSTS
Wallets and Pouches,LW9BTUS
Wallets and Pouches,LW9BU1S
Wallets and Pouches,LW9BW6S
Wallets and Pouches,LW9BW9S
Wallets and Pouches,LW9CAWS
Wallets and Pouches,LW9CHIS
Wallets and Pouches,LW9CHJS
Wallets and Pouches,LW9CHXS
Wallets and Pouches,LW9CIIS
Wallets and Pouches,LW9CMMS
Wallets and Pouches,LW9COIS
Wallets and Pouches,LW9COZS
Wallets and Pouches,LW9CQ9S
Wallets and Pouches,LW9CQFS
Wallets and Pouches,LW9CRIS
Wallets and Pouches,LW9CRJS
Wallets and Pouches,LW9CWES
Wallets and Pouches,LW9CZ5S
Wallets and Pouches,LW9CZ7S
Wallets and Pouches,LW9CZ9S
Wallets and Pouches,LW9DIFS
Wallets and Pouches,LW9DIKS
Wallets and Pouches,LW9DIMS
Wallets and Pouches,LW9DINS
Wallets and Pouches,LW9DKLS
Wallets and Pouches,LW9DKXS
Wallets and Pouches,LW9DKYS
Wallets and Pouches,LW9DNXS
Wallets and Pouches,LW9DQKS
Wallets and Pouches,LW9DT9S
Water Bottles,LU9852S
Water Bottles,LU9ABMS
Water Bottles,LU9ACVS
Water Bottles,LU9AE8S
Water Bottles,LU9AF0S
Water Bottles,LU9AF5S
Water Bottles,LU9AF6S
Water Bottles,LU9AF7S
Water Bottles,LU9AFIS
Water Bottles,LU9AFZS
Water Bottles,LU9AGVS
Water Bottles,LU9AGXS
Water Bottles,LU9AHAS
Water Bottles,LU9AHLS
Water Bottles,LU9AL6S
Water Bottles,LU9ALBS
Water Bottles,LU9AM7S
Yoga Accessories,LU9AA1S
Yoga Accessories,LU9AAJS
Yoga Accessories,LU9ABKS
Yoga Accessories,LU9AC4S
Yoga Accessories,LU9ACIS
Yoga Accessories,LU9ACNS
Yoga Accessories,LU9ACPS
Yoga Accessories,LU9ACQS
Yoga Accessories,LU9ACWS
Yoga Accessories,LU9ADDS
Yoga Accessories,LU9ADSS
Yoga Accessories,LU9AF4S
Yoga Accessories,LU9AG2S
Yoga Accessories,LU9AI5S
Yoga Accessories,LU9AI6S
Yoga Accessories,LU9AIIS
Yoga Accessories,LU9AJ9S
Yoga Accessories,LU9AJAS
Yoga Accessories,LU9AKFS
Yoga Accessories,LU9AKXS
Yoga Bag,LW9BEJS
Yoga Bag,LW9BH9S
Yoga Bag,LW9BLCS
Yoga Bag,LW9BS1S
Yoga Bag,LW9CJCS
Yoga Bag,LW9CJDS
Yoga Bag,LW9CJES
Yoga Bag,LW9CKLS
Yoga Bag,LW9CQMS
Yoga Bag,LW9DDPS
Yoga Mats,LU9416S
Yoga Mats,LU9531S
Yoga Mats,LU9813S
Yoga Mats,LU9876S
Yoga Mats,LU9A73S
Yoga Mats,LU9A74S
Yoga Mats,LU9A75S
Yoga Mats,LU9A76S
Yoga Mats,LU9A77S
Yoga Mats,LU9A78S
Yoga Mats,LU9A79S
Yoga Mats,LU9A80S
Yoga Mats,LU9A81S
Yoga Mats,LU9A82S
Yoga Mats,LU9AB5S
Yoga Mats,LU9AB6S
Yoga Mats,LU9AB9S
Yoga Mats,LU9ABCS
Yoga Mats,LU9ABNS
Yoga Mats,LU9ABOS
Yoga Mats,LU9ABRS
Yoga Mats,LU9ABSS
Yoga Mats,LU9ACKS
Yoga Mats,LU9ACLS
Yoga Mats,LU9ACMS
Yoga Mats,LU9ADHS
Yoga Mats,LU9AFUS
Yoga Mats,LU9AFWS
Yoga Mats,LU9AG5S
Yoga Mats,LU9AGDS
Yoga Mats,LU9AGES
Yoga Mats,LU9AH8S
Yoga Mats,LU9AHCS
Yoga Mats,LU9AI7S
Yoga Mats,LU9AIQS
Yoga Mats,LU9AIRS
Yoga Mats,LU9AJBS
"7/8 Pants, Pockets",LW5ATIS
"7/8 Pants, Pockets",LW5ATLS
"7/8 Pants, Pockets",LW5ATMS
"7/8 Pants, Pockets",LW5BF2S
"7/8 Pants, Pockets",LW5BJGS
"7/8 Pants, Pockets",LW5BUGS
"7/8 Pants, Pockets",LW5BUIS
"7/8 Pants, Pockets",LW5CMVS
"7/8 Pants, Pockets",LW5CTRS
"7/8 Pants, Pockets",LW5CVXS
"7/8 Pants, Pockets",LW5DCES
"7/8 Pants, Pockets",LW5DGVS
"7/8 Pants, Pockets",LW5DSHS
"7/8 Pants, Pockets",LW5DSRS
"7/8 Pants, Pockets",LW5DVXS
"7/8 Pants, Asia Fit, Pockets",LW5BLBA
"7/8 Pants, Asia Fit, Pockets",LW5BTOA
"7/8 Pants, Asia Fit, Pockets",LW5BV1A
"7/8 Pants, Asia Fit, Pockets",LW5BWAA
"7/8 Pants, Asia Fit, Pockets",LW5BYLA
"7/8 Pants, Asia Fit, Pockets",LW5CYMA
"7/8 Pants, Asia Fit, Pockets",LW5DAFA
"7/8 Pants, Asia Fit, Pockets",LW5DDQA
"7/8 Pants, Asia Fit, Pockets",LW5DNKA
"7/8 Pants, Asia Fit, Pockets",LW5DRHA
"7/8 Pants, Asia Fit, Pockets",LW5DUSA
"7/8 Pants, Asia Fit, Pockets",LW5DUTA
"Full Length, Pockets",LW5BU6S
"Full Length, Pockets",LW5CFSS
"Asia Fit, Full Length, Pockets",LW5CZXA
"Crops, Pockets",LW5DAGS
"Crops, Pockets",LW6AKHS
"Crops, Pockets",LW6AKIS
"Crops, Pockets",LW6AKJS
"Crops, Pockets",LW6AS5S
"Crops, Pockets",LW6AWES
"Crops, Pockets",LW6AWFS
"Crops, Pockets",LW6AWLS
"Crops, Pockets",LW6AZFS
"Crops, Pockets",LW6BCES
"Crops, Pockets",LW6BCUS
"Crops, Pockets",LW6BKKS
"Crops, Pockets",LW6BPQS
"Crops, Pockets",LW6BRQS
"Crops, Pockets",LW6BRRS
"Crops, Pockets",LW6BRSS
"Pockets, Tight Shorts",LW7AU6S
"Pockets, Tight Shorts",LW7AVTS
"Pockets, Tight Shorts",LW7AXNS
"Pockets, Tight Shorts",LW7AY7S
"Pockets, Tight Shorts",LW7BD1S
"Pockets, Tight Shorts",LW7BGHS
"Pockets, Tight Shorts",LW7BGXS
"Pockets, Tight Shorts",LW7BJGS
"Pockets, Tight Shorts",LW7BLCS
"Pockets, Tight Shorts",LW7BQUS
"Pockets, Tight Shorts",LW7BUES
"7/8 Pants, Pants",LW5DLVS
