master,colors
prod9820519,White
prod9080169,Black/Gold
prod8555454,"White, Black"
prod9750624,True Navy
prod9010174,"Heather Allover Iron Blue True Navy, Black"
prod9750498,Cerulean Blue
prod10590060,Heritage 365 Camo Deep Coal Multi
prod6750167,Black/White/Black
LW9CT9S,White
LW6BF1S,Dark Olive
prod9750459,"Tempo Stripe White/Black, Tidewater Teal/Tidewater Teal, Spiced Chai/Spiced Chai"
prod6020416,"Black/Heathered Black, Black/Wee Are From Space Dark Carbon Ice Grey"
prod8470056,True Navy
prod9200738,Black/Gold
LM3CQ7S,Heathered Graphite Grey/Graphite Grey
prod8910081,White
LW6BUZS,Graphite Grey
prod140003,"Mineral Blue/True Navy, Midnight Shadow/Tempest Blue, Slate/White, Deep Coal/Black"
prod10520255,Heathered Black/Rhino Grey
prod8960003,True Navy
prod9090976,Black/Rhino Grey
prod10440040,Earth Dye Clay
prod9820299,White
prod8360162,Heritage 365 Camo Deep Coal Multi
prod9750428,Black/White/Black/White
prod10520453,Dusty Bronze
prod10640006,Jewel Emboss Spiced Chai/Spiced Chai
LW5CWNA,Cacao
prod9820404,True Navy
LW1DFYS,White
LM7A99S,Auric Gold
prod8980444,"Heather Allover Iron Blue True Navy, Black"
prod3840003,Deep Coal/Black
prod9200594,True Navy
prod8780491,"Diamond Dye Pitch Grey Graphite Grey, Black, Dark Olive, True Navy"
prod9360058,True Navy
prod10030297,True Navy
